-- phpMyAdmin SQL Dump
-- version 5.2.1
-- https://www.phpmyadmin.net/
--
-- Host: 127.0.0.1
-- Generation Time: Dec 15, 2023 at 09:03 AM
-- Server version: 10.4.28-MariaDB
-- PHP Version: 8.2.4

SET SQL_MODE = "NO_AUTO_VALUE_ON_ZERO";
START TRANSACTION;
SET time_zone = "+00:00";


/*!40101 SET @OLD_CHARACTER_SET_CLIENT=@@CHARACTER_SET_CLIENT */;
/*!40101 SET @OLD_CHARACTER_SET_RESULTS=@@CHARACTER_SET_RESULTS */;
/*!40101 SET @OLD_COLLATION_CONNECTION=@@COLLATION_CONNECTION */;
/*!40101 SET NAMES utf8mb4 */;

--
-- Database: `datakominfo`
--

-- --------------------------------------------------------

--
-- Table structure for table `desa`
--

CREATE TABLE `desa` (
  `id_desa` char(13) NOT NULL,
  `id_kecamatan` char(8) NOT NULL,
  `desa` varchar(64) NOT NULL
) ENGINE=InnoDB DEFAULT CHARSET=utf8mb4 COLLATE=utf8mb4_general_ci;

--
-- Dumping data for table `desa`
--

INSERT INTO `desa` (`id_desa`, `id_kecamatan`, `desa`) VALUES
('32.01.01.1001', '32.01.01', 'PONDOK RAJEG'),
('32.01.01.1002', '32.01.01', 'KARADENAN'),
('32.01.01.1003', '32.01.01', 'HARAPANJAYA'),
('32.01.01.1004', '32.01.01', 'NANGGEWER'),
('32.01.01.1005', '32.01.01', 'NANGGEWER MEKAR'),
('32.01.01.1006', '32.01.01', 'CIBINONG'),
('32.01.01.1007', '32.01.01', 'PAKANSARI'),
('32.01.01.1008', '32.01.01', 'TENGAH'),
('32.01.01.1009', '32.01.01', 'SUKAHATI'),
('32.01.01.1010', '32.01.01', 'CIRIUNG'),
('32.01.01.1011', '32.01.01', 'CIRIMEKAR'),
('32.01.01.1012', '32.01.01', 'PABUARAN'),
('32.01.01.1013', '32.01.01', 'PABUARAN MEKAR'),
('32.01.02.2001', '32.01.02', 'WANAHERANG'),
('32.01.02.2002', '32.01.02', 'BOJONG KULUR'),
('32.01.02.2003', '32.01.02', 'CIANGSANA'),
('32.01.02.2004', '32.01.02', 'GUNUNG PUTRI'),
('32.01.02.2005', '32.01.02', 'BOJONG NANGKA'),
('32.01.02.2006', '32.01.02', 'TLAJUNG UDIK'),
('32.01.02.2007', '32.01.02', 'CICADAS'),
('32.01.02.2008', '32.01.02', 'CIKEAS UDIK'),
('32.01.02.2009', '32.01.02', 'NAGRAK'),
('32.01.02.2010', '32.01.02', 'KARANGGAN'),
('32.01.03.1006', '32.01.03', 'PUSPANEGARA'),
('32.01.03.1007', '32.01.03', 'KARANG ASEM BARAT'),
('32.01.03.2001', '32.01.03', 'PUSPASARI'),
('32.01.03.2002', '32.01.03', 'CITEUREUP'),
('32.01.03.2003', '32.01.03', 'LEUWINUTUG'),
('32.01.03.2004', '32.01.03', 'TAJUR'),
('32.01.03.2005', '32.01.03', 'SANJA'),
('32.01.03.2008', '32.01.03', 'KARANG ASEM TIMUR'),
('32.01.03.2009', '32.01.03', 'TARIKOLOT'),
('32.01.03.2010', '32.01.03', 'GUNUNGSARI'),
('32.01.03.2011', '32.01.03', 'TANGKIL'),
('32.01.03.2012', '32.01.03', 'SUKAHATI'),
('32.01.03.2013', '32.01.03', 'HAMBALANG'),
('32.01.03.2014', '32.01.03', 'PASIRMUKTI'),
('32.01.04.2001', '32.01.04', 'GUNUNGGEULIS'),
('32.01.04.2002', '32.01.04', 'CILEBUT TIMUR'),
('32.01.04.2003', '32.01.04', 'CILEBUT BARAT'),
('32.01.04.2004', '32.01.04', 'CIBANON'),
('32.01.04.2005', '32.01.04', 'NAGRAK'),
('32.01.04.2006', '32.01.04', 'SUKATANI'),
('32.01.04.2007', '32.01.04', 'SUKARAJA'),
('32.01.04.2008', '32.01.04', 'CIKEAS'),
('32.01.04.2009', '32.01.04', 'PASIR JAMBU'),
('32.01.04.2010', '32.01.04', 'CIMANDALA'),
('32.01.04.2011', '32.01.04', 'CIJUJUNG'),
('32.01.04.2012', '32.01.04', 'CADASNGAMPAR'),
('32.01.04.2013', '32.01.04', 'PASIRLAJA'),
('32.01.05.2001', '32.01.05', 'CIJAYANTI'),
('32.01.05.2002', '32.01.05', 'SUMURBATU'),
('32.01.05.2003', '32.01.05', 'SENTUL'),
('32.01.05.2004', '32.01.05', 'KARANGTENGAH'),
('32.01.05.2005', '32.01.05', 'CIPAMBUAN'),
('32.01.05.2006', '32.01.05', 'KADUMANGGU'),
('32.01.05.2007', '32.01.05', 'CITARINGGUL'),
('32.01.05.2008', '32.01.05', 'BABAKAN MADANG'),
('32.01.05.2009', '32.01.05', 'BOJONG KONENG'),
('32.01.06.2001', '32.01.06', 'SUKAMAJU'),
('32.01.06.2002', '32.01.06', 'SIRNAGALIH'),
('32.01.06.2003', '32.01.06', 'SINGAJAYA'),
('32.01.06.2004', '32.01.06', 'SUKASIRNA'),
('32.01.06.2005', '32.01.06', 'SUKANEGARA'),
('32.01.06.2006', '32.01.06', 'SUKAMANAH'),
('32.01.06.2007', '32.01.06', 'WENINGGALIH'),
('32.01.06.2008', '32.01.06', 'CIBODAS'),
('32.01.06.2009', '32.01.06', 'JONGGOL'),
('32.01.06.2010', '32.01.06', 'BENDUNGAN'),
('32.01.06.2011', '32.01.06', 'SINGASARI'),
('32.01.06.2012', '32.01.06', 'BALEKAMBANG'),
('32.01.06.2013', '32.01.06', 'SUKAJAYA'),
('32.01.06.2014', '32.01.06', 'SUKAGALIH'),
('32.01.07.2001', '32.01.07', 'PASIRANGIN'),
('32.01.07.2002', '32.01.07', 'MEKARSARI'),
('32.01.07.2003', '32.01.07', 'MAMPIR'),
('32.01.07.2004', '32.01.07', 'DAYEUH'),
('32.01.07.2005', '32.01.07', 'GANDOANG'),
('32.01.07.2006', '32.01.07', 'JATISARI'),
('32.01.07.2007', '32.01.07', 'CILEUNGSI KIDUL'),
('32.01.07.2008', '32.01.07', 'CIPEUCANG'),
('32.01.07.2009', '32.01.07', 'SITUSARI'),
('32.01.07.2010', '32.01.07', 'CIPENJO'),
('32.01.07.2011', '32.01.07', 'LIMUSNUNGGAL'),
('32.01.07.2012', '32.01.07', 'CILEUNGSI'),
('32.01.08.2001', '32.01.08', 'KARYAMEKAR'),
('32.01.08.2002', '32.01.08', 'BABAKANRADEN'),
('32.01.08.2003', '32.01.08', 'CIKUTAMAHI'),
('32.01.08.2004', '32.01.08', 'KUTAMEKAR'),
('32.01.08.2005', '32.01.08', 'CARIU'),
('32.01.08.2006', '32.01.08', 'MEKARWANGI'),
('32.01.08.2007', '32.01.08', 'BANTARKUNING'),
('32.01.08.2008', '32.01.08', 'SUKAJADI'),
('32.01.08.2009', '32.01.08', 'TEGALPANJANG'),
('32.01.08.2010', '32.01.08', 'CIBATUTIGA'),
('32.01.09.2001', '32.01.09', 'WARGAJAYA'),
('32.01.09.2002', '32.01.09', 'PABUARAN'),
('32.01.09.2003', '32.01.09', 'SUKADAMAI'),
('32.01.09.2004', '32.01.09', 'SUKAWANGI'),
('32.01.09.2005', '32.01.09', 'CIBADAK'),
('32.01.09.2006', '32.01.09', 'SUKARESMI'),
('32.01.09.2007', '32.01.09', 'SUKAMULYA'),
('32.01.09.2008', '32.01.09', 'SUKAHARJA'),
('32.01.09.2009', '32.01.09', 'SIRNAJAYA'),
('32.01.09.2010', '32.01.09', 'SUKAMAKMUR'),
('32.01.10.2001', '32.01.10', 'PARUNG'),
('32.01.10.2002', '32.01.10', 'IWUL'),
('32.01.10.2003', '32.01.10', 'BOJONGSEMPU'),
('32.01.10.2004', '32.01.10', 'WARU'),
('32.01.10.2005', '32.01.10', 'COGREG'),
('32.01.10.2006', '32.01.10', 'PAMEGARSARI'),
('32.01.10.2007', '32.01.10', 'WARUJAYA'),
('32.01.10.2008', '32.01.10', 'BOJONGINDAH'),
('32.01.10.2009', '32.01.10', 'JABONMEKAR'),
('32.01.11.2001', '32.01.11', 'CIDOKOM'),
('32.01.11.2002', '32.01.11', 'PADURENAN'),
('32.01.11.2003', '32.01.11', 'PENGASINAN'),
('32.01.11.2004', '32.01.11', 'CURUG'),
('32.01.11.2005', '32.01.11', 'GUNUNGSINDUR'),
('32.01.11.2006', '32.01.11', 'JAMPANG'),
('32.01.11.2007', '32.01.11', 'CIBADUNG'),
('32.01.11.2008', '32.01.11', 'CIBINONG'),
('32.01.11.2009', '32.01.11', 'RAWAKALONG'),
('32.01.11.2010', '32.01.11', 'PABUARAN'),
('32.01.12.1006', '32.01.12', 'ATANG SENJAYA'),
('32.01.12.2001', '32.01.12', 'BOJONG'),
('32.01.12.2002', '32.01.12', 'PARAKANJAYA'),
('32.01.12.2003', '32.01.12', 'KEMANG'),
('32.01.12.2004', '32.01.12', 'PABUARAN'),
('32.01.12.2005', '32.01.12', 'SEMPLAK BARAT'),
('32.01.12.2007', '32.01.12', 'JAMPANG'),
('32.01.12.2008', '32.01.12', 'PONDOK UDIK'),
('32.01.12.2009', '32.01.12', 'TEGAL'),
('32.01.13.1007', '32.01.13', 'PABUARAN'),
('32.01.13.2001', '32.01.13', 'BOJONGBARU'),
('32.01.13.2002', '32.01.13', 'CIMANGGIS'),
('32.01.13.2003', '32.01.13', 'SUSUKAN'),
('32.01.13.2004', '32.01.13', 'RAGAJAYA'),
('32.01.13.2005', '32.01.13', 'KEDUNGWARINGIN'),
('32.01.13.2006', '32.01.13', 'WARINGINJAYA'),
('32.01.13.2008', '32.01.13', 'RAWAPANJANG'),
('32.01.13.2009', '32.01.13', 'BOJONGGEDE'),
('32.01.14.2001', '32.01.14', 'LEUWILIANG'),
('32.01.14.2002', '32.01.14', 'PURASARI'),
('32.01.14.2003', '32.01.14', 'KARYASARI'),
('32.01.14.2004', '32.01.14', 'PABANGBON'),
('32.01.14.2005', '32.01.14', 'KARACAK'),
('32.01.14.2006', '32.01.14', 'BARENGKOK'),
('32.01.14.2007', '32.01.14', 'LEUWIMEKAR'),
('32.01.14.2008', '32.01.14', 'PURASEDA'),
('32.01.14.2009', '32.01.14', 'CIBEBER I'),
('32.01.14.2010', '32.01.14', 'CIBEBER II'),
('32.01.14.2011', '32.01.14', 'KAREHKEL'),
('32.01.15.2001', '32.01.15', 'CIAMPEA'),
('32.01.15.2002', '32.01.15', 'CINANGKA'),
('32.01.15.2003', '32.01.15', 'CIHIDEUNGUDIK'),
('32.01.15.2004', '32.01.15', 'BOJONGJENGKOL'),
('32.01.15.2005', '32.01.15', 'TEGALWARU'),
('32.01.15.2006', '32.01.15', 'CIBUNTU'),
('32.01.15.2007', '32.01.15', 'CICADAS'),
('32.01.15.2008', '32.01.15', 'CIBADAK'),
('32.01.15.2009', '32.01.15', 'BOJONGRANGKAS'),
('32.01.15.2010', '32.01.15', 'CIHIDEUNGHILIR'),
('32.01.15.2011', '32.01.15', 'CIBANTENG'),
('32.01.15.2012', '32.01.15', 'BENTENG'),
('32.01.15.2013', '32.01.15', 'CIAMPEA UDIK'),
('32.01.16.2001', '32.01.16', 'SITU UDIK'),
('32.01.16.2002', '32.01.16', 'SITU ILIR'),
('32.01.16.2003', '32.01.16', 'CEMPLANG'),
('32.01.16.2004', '32.01.16', 'CIBATOK I'),
('32.01.16.2005', '32.01.16', 'CIARUTEUN UDIK'),
('32.01.16.2006', '32.01.16', 'LEUWEUNGKOLOT'),
('32.01.16.2007', '32.01.16', 'CIMANGGU I'),
('32.01.16.2008', '32.01.16', 'CIMANGGU II'),
('32.01.16.2009', '32.01.16', 'DUKUH'),
('32.01.16.2010', '32.01.16', 'CIJUJUNG'),
('32.01.16.2011', '32.01.16', 'CIARUTEUN ILIR'),
('32.01.16.2012', '32.01.16', 'CIBATOK II'),
('32.01.16.2013', '32.01.16', 'SUKAMAJU'),
('32.01.16.2014', '32.01.16', 'GALUGA'),
('32.01.16.2015', '32.01.16', 'GIRIMULYA'),
('32.01.17.2001', '32.01.17', 'PURWABAKTI'),
('32.01.17.2002', '32.01.17', 'CIBUNIAN'),
('32.01.17.2003', '32.01.17', 'CIBITUNGWETAN'),
('32.01.17.2004', '32.01.17', 'GUNUNGMENYAN'),
('32.01.17.2005', '32.01.17', 'GUNUNGBUNDER II'),
('32.01.17.2006', '32.01.17', 'PASAREAN'),
('32.01.17.2007', '32.01.17', 'CIMAYANG'),
('32.01.17.2008', '32.01.17', 'PAMIJAHAN'),
('32.01.17.2009', '32.01.17', 'CIBENING'),
('32.01.17.2010', '32.01.17', 'GUNUNGBUNDER I'),
('32.01.17.2011', '32.01.17', 'CIBITUNG KULON'),
('32.01.17.2012', '32.01.17', 'GUNUNG PICUNG'),
('32.01.17.2013', '32.01.17', 'CIASIHAN'),
('32.01.17.2014', '32.01.17', 'GUNUNGSARI'),
('32.01.17.2015', '32.01.17', 'CIASMARA'),
('32.01.18.2001', '32.01.18', 'RUMPIN'),
('32.01.18.2002', '32.01.18', 'LEUWIBATU'),
('32.01.18.2003', '32.01.18', 'CIDOKOM'),
('32.01.18.2004', '32.01.18', 'GOBANG'),
('32.01.18.2005', '32.01.18', 'CIBODAS'),
('32.01.18.2006', '32.01.18', 'RABAK'),
('32.01.18.2007', '32.01.18', 'KAMPUNGSAWAH'),
('32.01.18.2008', '32.01.18', 'CIPINANG'),
('32.01.18.2009', '32.01.18', 'SUKASARI'),
('32.01.18.2010', '32.01.18', 'TAMANSARI'),
('32.01.18.2011', '32.01.18', 'KERTAJAYA'),
('32.01.18.2012', '32.01.18', 'SUKAMULYA'),
('32.01.18.2013', '32.01.18', 'MEKARSARI'),
('32.01.18.2014', '32.01.18', 'MEKARJAYA'),
('32.01.19.2001', '32.01.19', 'CURUG'),
('32.01.19.2002', '32.01.19', 'PANGRADIN'),
('32.01.19.2003', '32.01.19', 'KALONGSAWAH'),
('32.01.19.2004', '32.01.19', 'SIPAK'),
('32.01.19.2005', '32.01.19', 'JASINGA'),
('32.01.19.2006', '32.01.19', 'KOLEANG'),
('32.01.19.2007', '32.01.19', 'CIKOPOMAYAK'),
('32.01.19.2008', '32.01.19', 'SETU'),
('32.01.19.2009', '32.01.19', 'BARENGKOK'),
('32.01.19.2010', '32.01.19', 'BAGOANG'),
('32.01.19.2011', '32.01.19', 'PANGAUR'),
('32.01.19.2012', '32.01.19', 'PAMAGERSARI'),
('32.01.19.2013', '32.01.19', 'JUGALA JAYA'),
('32.01.19.2014', '32.01.19', 'TEGALWANGI'),
('32.01.19.2015', '32.01.19', 'NEGLASARI'),
('32.01.19.2016', '32.01.19', 'WIRAJAYA'),
('32.01.20.2001', '32.01.20', 'JAGABAYA'),
('32.01.20.2002', '32.01.20', 'GOROWONG'),
('32.01.20.2003', '32.01.20', 'DAGO'),
('32.01.20.2004', '32.01.20', 'PINGKU'),
('32.01.20.2005', '32.01.20', 'CIKUDA'),
('32.01.20.2006', '32.01.20', 'PARUNGPANJANG'),
('32.01.20.2007', '32.01.20', 'LUMPANG'),
('32.01.20.2008', '32.01.20', 'CIBUNAR'),
('32.01.20.2009', '32.01.20', 'JAGABITA'),
('32.01.20.2010', '32.01.20', 'GINTUNGCILEJET'),
('32.01.20.2011', '32.01.20', 'KABASIRAN'),
('32.01.21.2001', '32.01.21', 'MALASARI'),
('32.01.21.2002', '32.01.21', 'CURUGBITUNG'),
('32.01.21.2003', '32.01.21', 'CISARUA'),
('32.01.21.2004', '32.01.21', 'BANTARKARET'),
('32.01.21.2005', '32.01.21', 'HAMBARO'),
('32.01.21.2006', '32.01.21', 'KALONGLIUD'),
('32.01.21.2007', '32.01.21', 'NANGGUNG'),
('32.01.21.2008', '32.01.21', 'PARAKANMUNCANG'),
('32.01.21.2009', '32.01.21', 'PANGKALJAYA'),
('32.01.21.2010', '32.01.21', 'SUKALUYU'),
('32.01.21.2011', '32.01.21', 'BATU TULIS'),
('32.01.22.2001', '32.01.22', 'SUKAMAJU'),
('32.01.22.2002', '32.01.22', 'CIGUDEG'),
('32.01.22.2003', '32.01.22', 'BUNAR'),
('32.01.22.2004', '32.01.22', 'BANYURESMI'),
('32.01.22.2005', '32.01.22', 'CINTAMANIK'),
('32.01.22.2006', '32.01.22', 'ARGAPURA'),
('32.01.22.2007', '32.01.22', 'BANGUNJAYA'),
('32.01.22.2008', '32.01.22', 'RENGASJAJAR'),
('32.01.22.2009', '32.01.22', 'BATUJAJAR'),
('32.01.22.2010', '32.01.22', 'WARGAJAYA'),
('32.01.22.2011', '32.01.22', 'SUKARAKSA'),
('32.01.22.2012', '32.01.22', 'BANYUWANGI'),
('32.01.22.2013', '32.01.22', 'BANYUASIH'),
('32.01.22.2014', '32.01.22', 'MEKARJAYA'),
('32.01.22.2015', '32.01.22', 'TEGALLEGA'),
('32.01.23.2001', '32.01.23', 'TAPOS'),
('32.01.23.2002', '32.01.23', 'CIOMAS'),
('32.01.23.2003', '32.01.23', 'BATOK'),
('32.01.23.2004', '32.01.23', 'BABAKAN'),
('32.01.23.2005', '32.01.23', 'TENJO'),
('32.01.23.2006', '32.01.23', 'CILAKU'),
('32.01.23.2007', '32.01.23', 'SINGABRAJA'),
('32.01.23.2008', '32.01.23', 'SINGABANGSA'),
('32.01.23.2009', '32.01.23', 'BOJONG'),
('32.01.24.2001', '32.01.24', 'CILEUNGSI'),
('32.01.24.2002', '32.01.24', 'CITAPEN'),
('32.01.24.2003', '32.01.24', 'CIBEDUG'),
('32.01.24.2004', '32.01.24', 'JAMBULUWUK'),
('32.01.24.2005', '32.01.24', 'BANJARSARI'),
('32.01.24.2006', '32.01.24', 'TELUK PINANG'),
('32.01.24.2007', '32.01.24', 'BANJAR WARU'),
('32.01.24.2008', '32.01.24', 'BENDUNGAN'),
('32.01.24.2009', '32.01.24', 'PANDAN SARI'),
('32.01.24.2010', '32.01.24', 'BOJONG MURNI'),
('32.01.24.2011', '32.01.24', 'BANJAR WANGI'),
('32.01.24.2012', '32.01.24', 'CIAWI'),
('32.01.24.2013', '32.01.24', 'BITUNGSARI'),
('32.01.25.1010', '32.01.25', 'CISARUA'),
('32.01.25.2001', '32.01.25', 'BATULAYANG'),
('32.01.25.2002', '32.01.25', 'JOGJOGAN'),
('32.01.25.2003', '32.01.25', 'CIBEUREUM'),
('32.01.25.2004', '32.01.25', 'CILEMBER'),
('32.01.25.2005', '32.01.25', 'CITEKO'),
('32.01.25.2006', '32.01.25', 'TUGU SELATAN'),
('32.01.25.2007', '32.01.25', 'LEUWIMALANG'),
('32.01.25.2008', '32.01.25', 'KOPO'),
('32.01.25.2009', '32.01.25', 'TUGU UTARA'),
('32.01.26.2001', '32.01.26', 'SUKAMAJU'),
('32.01.26.2002', '32.01.26', 'KUTA'),
('32.01.26.2003', '32.01.26', 'GADOG'),
('32.01.26.2004', '32.01.26', 'SUKAKARYA'),
('32.01.26.2005', '32.01.26', 'MEGAMENDUNG'),
('32.01.26.2006', '32.01.26', 'CIPAYUNG DATAR'),
('32.01.26.2007', '32.01.26', 'SUKAMANAH'),
('32.01.26.2008', '32.01.26', 'SUKAGALIH'),
('32.01.26.2009', '32.01.26', 'CIPAYUNG GIRANG'),
('32.01.26.2010', '32.01.26', 'SUKAMAHI'),
('32.01.26.2011', '32.01.26', 'SUKARESMI'),
('32.01.26.2012', '32.01.26', 'PASIR ANGIN'),
('32.01.27.2001', '32.01.27', 'PASIR MUNCANG'),
('32.01.27.2002', '32.01.27', 'CIMANDE HILIR'),
('32.01.27.2003', '32.01.27', 'CIDERUM'),
('32.01.27.2004', '32.01.27', 'CARINGIN'),
('32.01.27.2005', '32.01.27', 'CIHERANG PONDOK'),
('32.01.27.2006', '32.01.27', 'CINAGARA'),
('32.01.27.2007', '32.01.27', 'CIMANDE'),
('32.01.27.2008', '32.01.27', 'PANCAWATI'),
('32.01.27.2009', '32.01.27', 'MUARA JAYA'),
('32.01.27.2010', '32.01.27', 'BASIR BUNCIR'),
('32.01.27.2011', '32.01.27', 'LEMAH DUHUR'),
('32.01.27.2012', '32.01.27', 'TANGKIL'),
('32.01.28.2001', '32.01.28', 'CIJERUK'),
('32.01.28.2002', '32.01.28', 'CIPELANG'),
('32.01.28.2003', '32.01.28', 'WARUNG MENTENG'),
('32.01.28.2004', '32.01.28', 'TAJUR HALANG'),
('32.01.28.2005', '32.01.28', 'CIPICUNG'),
('32.01.28.2006', '32.01.28', 'CIBALUNG'),
('32.01.28.2007', '32.01.28', 'SUKAHARJA'),
('32.01.28.2008', '32.01.28', 'PALASARI'),
('32.01.28.2009', '32.01.28', 'TANJUNGSARI'),
('32.01.29.1003', '32.01.29', 'PADASUKA'),
('32.01.29.2001', '32.01.29', 'MEKARJAYA'),
('32.01.29.2002', '32.01.29', 'SUKAHARJA'),
('32.01.29.2004', '32.01.29', 'PARAKAN'),
('32.01.29.2005', '32.01.29', 'CIOMAS'),
('32.01.29.2006', '32.01.29', 'PAGELARAN'),
('32.01.29.2007', '32.01.29', 'SUKAMAKMUR'),
('32.01.29.2008', '32.01.29', 'CIAPUS'),
('32.01.29.2009', '32.01.29', 'KOTA BATU'),
('32.01.29.2010', '32.01.29', 'LALADON'),
('32.01.29.2011', '32.01.29', 'CIOMAS RAHAYU'),
('32.01.30.2001', '32.01.30', 'SUKADAMAI'),
('32.01.30.2002', '32.01.30', 'CIHERANG'),
('32.01.30.2003', '32.01.30', 'SINARSARI'),
('32.01.30.2004', '32.01.30', 'SUKAWENING'),
('32.01.30.2005', '32.01.30', 'PETIR'),
('32.01.30.2006', '32.01.30', 'PURWASARI'),
('32.01.30.2007', '32.01.30', 'CIKARAWANG'),
('32.01.30.2008', '32.01.30', 'BABAKAN'),
('32.01.30.2009', '32.01.30', 'DRAMAGA'),
('32.01.30.2010', '32.01.30', 'NEGLASARI'),
('32.01.31.2001', '32.01.31', 'SUKAMANTRI'),
('32.01.31.2002', '32.01.31', 'SIRNAGALIH'),
('32.01.31.2003', '32.01.31', 'PASIREURIH'),
('32.01.31.2004', '32.01.31', 'TAMANSARI'),
('32.01.31.2005', '32.01.31', 'SUKALUYU'),
('32.01.31.2006', '32.01.31', 'SUKARESMI'),
('32.01.31.2007', '32.01.31', 'SUKAJAYA'),
('32.01.31.2008', '32.01.31', 'SUKAJADI'),
('32.01.32.2001', '32.01.32', 'KLAPANUNGGAL'),
('32.01.32.2002', '32.01.32', 'BOJONG'),
('32.01.32.2003', '32.01.32', 'NAMBO'),
('32.01.32.2004', '32.01.32', 'LULUT'),
('32.01.32.2005', '32.01.32', 'CIKAHURIPAN'),
('32.01.32.2006', '32.01.32', 'KEMBANG KUNING'),
('32.01.32.2007', '32.01.32', 'BANTAR JATI'),
('32.01.32.2008', '32.01.32', 'LEUWIKARET'),
('32.01.32.2009', '32.01.32', 'LIGARMUKTI'),
('32.01.33.2001', '32.01.33', 'PUTAT NUTUG'),
('32.01.33.2002', '32.01.33', 'CISEENG'),
('32.01.33.2003', '32.01.33', 'PARIGI MEKAR'),
('32.01.33.2004', '32.01.33', 'CIBENTANG'),
('32.01.33.2005', '32.01.33', 'CIBEUTEUNG UDIK'),
('32.01.33.2006', '32.01.33', 'KARIHKIL'),
('32.01.33.2007', '32.01.33', 'BABAKAN'),
('32.01.33.2008', '32.01.33', 'CIHOE'),
('32.01.33.2009', '32.01.33', 'CIBEUTEUNG MUARA'),
('32.01.33.2010', '32.01.33', 'KURIPAN'),
('32.01.34.2001', '32.01.34', 'BANTARJAYA'),
('32.01.34.2002', '32.01.34', 'BANTARSARI'),
('32.01.34.2003', '32.01.34', 'PASIRGAOK'),
('32.01.34.2004', '32.01.34', 'RANCABUNGUR'),
('32.01.34.2005', '32.01.34', 'MEKARSARI'),
('32.01.34.2006', '32.01.34', 'CANDALI'),
('32.01.34.2007', '32.01.34', 'CIMULANG'),
('32.01.35.2001', '32.01.35', 'CISARUA'),
('32.01.35.2002', '32.01.35', 'KIARASARI'),
('32.01.35.2003', '32.01.35', 'SUKAJAYA'),
('32.01.35.2004', '32.01.35', 'SIPAYUNG'),
('32.01.35.2005', '32.01.35', 'CILEUKSA'),
('32.01.35.2006', '32.01.35', 'KIARAPANDAK'),
('32.01.35.2007', '32.01.35', 'HARKATJAYA'),
('32.01.35.2008', '32.01.35', 'SUKAMULIH'),
('32.01.35.2009', '32.01.35', 'PASIR MADANG'),
('32.01.35.2010', '32.01.35', 'URUG'),
('32.01.35.2011', '32.01.35', 'JAYARAHARJA'),
('32.01.36.2001', '32.01.36', 'TANJUNGSARI'),
('32.01.36.2002', '32.01.36', 'SELAWANGI'),
('32.01.36.2003', '32.01.36', 'TANJUNGRASA'),
('32.01.36.2004', '32.01.36', 'ANTAJAYA'),
('32.01.36.2005', '32.01.36', 'PASIR TANJUNG'),
('32.01.36.2006', '32.01.36', 'CIBADAK'),
('32.01.36.2007', '32.01.36', 'SUKARASA'),
('32.01.36.2008', '32.01.36', 'SIRNASARI'),
('32.01.36.2009', '32.01.36', 'BUANAJAYA'),
('32.01.36.2010', '32.01.36', 'SIRNARASA'),
('32.01.37.2001', '32.01.37', 'TAJURHALANG'),
('32.01.37.2002', '32.01.37', 'CITAYAM'),
('32.01.37.2003', '32.01.37', 'SASAK PANJANG'),
('32.01.37.2004', '32.01.37', 'NANGGERANG'),
('32.01.37.2005', '32.01.37', 'SUKMAJAYA'),
('32.01.37.2006', '32.01.37', 'TONJONG'),
('32.01.37.2007', '32.01.37', 'KALISUREN'),
('32.01.38.2001', '32.01.38', 'CIGOMBONG'),
('32.01.38.2002', '32.01.38', 'WATESJAYA'),
('32.01.38.2003', '32.01.38', 'CIBURUY'),
('32.01.38.2004', '32.01.38', 'SROGOL'),
('32.01.38.2005', '32.01.38', 'CISALADA'),
('32.01.38.2006', '32.01.38', 'TUGUJAYA'),
('32.01.38.2007', '32.01.38', 'PASIRJAYA'),
('32.01.38.2008', '32.01.38', 'CIBURAYUT'),
('32.01.38.2009', '32.01.38', 'CIADEG'),
('32.01.39.2001', '32.01.39', 'LEUWISADENG'),
('32.01.39.2002', '32.01.39', 'BABAKAN SADENG'),
('32.01.39.2003', '32.01.39', 'SADENG KOLOT'),
('32.01.39.2004', '32.01.39', 'WANGUNJAYA'),
('32.01.39.2005', '32.01.39', 'KALONG I'),
('32.01.39.2006', '32.01.39', 'KALONG II'),
('32.01.39.2007', '32.01.39', 'SADENG'),
('32.01.39.2008', '32.01.39', 'SIBANTENG'),
('32.01.40.2001', '32.01.40', 'TAPOS I'),
('32.01.40.2002', '32.01.40', 'TAPOS II'),
('32.01.40.2003', '32.01.40', 'CIBITUNG TENGAH'),
('32.01.40.2004', '32.01.40', 'SITUDAUN'),
('32.01.40.2005', '32.01.40', 'CINANGNENG'),
('32.01.40.2006', '32.01.40', 'GUNUNG MALANG'),
('32.01.40.2007', '32.01.40', 'GUNUNG MULYA');

-- --------------------------------------------------------

--
-- Table structure for table `kecamatan`
--

CREATE TABLE `kecamatan` (
  `id_kecamatan` char(8) NOT NULL,
  `kecamatan` varchar(68) NOT NULL,
  `geojson` varchar(64) NOT NULL,
  `warna` varchar(20) NOT NULL
) ENGINE=InnoDB DEFAULT CHARSET=utf8mb4 COLLATE=utf8mb4_general_ci;

--
-- Dumping data for table `kecamatan`
--

INSERT INTO `kecamatan` (`id_kecamatan`, `kecamatan`, `geojson`, `warna`) VALUES
('32.01.01', 'CIBINONG', '3201210.json', '#FF0000'),
('32.01.02', 'GUNUNG PUTRI', '3201190.json', '#FOF8FF'),
('32.01.03', 'CITEUREUP', '3201200.json', '#FAEBD7'),
('32.01.04', 'SUKARAJA', '3201130.json', '#7FFFD4'),
('32.01.05', 'BABAKAN MADANG', '3201140.json', '#A52A2A'),
('32.01.06', 'JONGGOL', '3201170.json', '#FFD700'),
('32.01.07', 'CILEUNGSI', '3201180.json', '#FF0000'),
('32.01.08', 'CARIU', '3201160.json', '#8BOOOO'),
('32.01.09', 'SUKAMAKMUR', '3201150.json', '#7CFCOO'),
('32.01.10', 'PARUNG', '3201240.json', '#006400'),
('32.01.11', 'GUNUNG SINDUR', '3201250.json', '#8B008B'),
('32.01.12', 'KEMANG', '3201230.json', '#FFD700'),
('32.01.13', 'BOJONG GEDE', '3201220.json', '#9400D3'),
('32.01.14', 'LEUWILIANG', '3201020.json', '#FF0000'),
('32.01.15', 'CIAMPEA', '3201050.json', '#2E8B57'),
('32.01.16', 'CIBUNGBULANG', '3201040.json', '#D2691E'),
('32.01.17', 'PAMIJAHAN', '3201030.json', '#DB7093'),
('32.01.18', 'RUMPIN', '3201260.json', '#008000'),
('32.01.19', 'JASINGA', '3201280.json', '#FF69B4'),
('32.01.20', 'PARUNG PANJANG', '3201300.json', '#00FF00'),
('32.01.21', 'NANGGUNG', '3201010.json', '#FFOOOO'),
('32.01.22', 'CIGUDEG', '3201270.json', '#FFA500'),
('32.01.23', 'TENJO', '3201290.json', '#800080'),
('32.01.24', 'CIAWI', '3201100.json', '#9ACD32'),
('32.01.25', 'CISARUA', '3201110.json', '#8B4513'),
('32.01.26', 'MEGAMENDUNG', '3201120.json', '#EE82EE'),
('32.01.27', 'CARINGIN', '3201090.json', '#008080'),
('32.01.28', 'CIJERUK', '3201080.json', '#FF9900'),
('32.01.29', 'CIOMAS', '3201070.json', '#FF4500'),
('32.01.30', 'DRAMAGA', '3201060.json', '#4682B4'),
('32.01.31', 'TAMANSARI', '3201071.json', '#A0522D'),
('32.01.32', 'KLAPANUNGGAL', '3201181.json', '#0000FF'),
('32.01.33', 'CISEENG', '3201241.json', '#4169E1'),
('32.01.34', 'RANCA BUNGUR', '3201231.json', '#CC0033'),
('32.01.35', 'SUKAJAYA', '3201271.json', '#0000CD'),
('32.01.36', 'TANJUNGSARI', '3201161.json', '#FF1493'),
('32.01.37', 'TAJURHALANG', '3201221.json', '#000000'),
('32.01.38', 'CIGOMBONG', '3201081.json', '#FFA500'),
('32.01.39', 'LEUWISADENG', '3201021.json', '#0000CD'),
('32.01.40', 'TENJOLAYA', '3201051.json', '#FF00FF');

-- --------------------------------------------------------

--
-- Table structure for table `menara`
--

CREATE TABLE `menara` (
  `id_menara` int(6) NOT NULL,
  `id_site` varchar(64) NOT NULL,
  `site_name` varchar(64) NOT NULL,
  `id_desa` char(13) NOT NULL,
  `id_kecamatan` char(8) NOT NULL,
  `nama_perusahaan` varchar(64) NOT NULL,
  `alamat` varchar(128) NOT NULL,
  `latitude` float(15,9) NOT NULL,
  `longitude` float(15,9) NOT NULL,
  `tinggi_menara` int(2) NOT NULL,
  `imb` varchar(64) NOT NULL,
  `rekom` varchar(64) NOT NULL,
  `tahun_rekom` varchar(4) NOT NULL,
  `image` varchar(128) DEFAULT NULL
) ENGINE=InnoDB DEFAULT CHARSET=utf8mb4 COLLATE=utf8mb4_general_ci;

--
-- Dumping data for table `menara`
--

INSERT INTO `menara` (`id_menara`, `id_site`, `site_name`, `id_desa`, `id_kecamatan`, `nama_perusahaan`, `alamat`, `latitude`, `longitude`, `tinggi_menara`, `imb`, `rekom`, `tahun_rekom`, `image`) VALUES
(1, 'BGR1055', 'Nirwana Estate', '32.01.01.1007', '32.01.01', 'PT. Balcom Indonesia', 'Curug  RT.002 RW.002 ', -6.476150036, 106.839401245, 25, '555/003.2.1/01422/DPMPTSP/2022', '555/408/Rek-15/IV-PSLP', '2018', ''),
(2, 'BGR1058', 'Sirojul Munir', '32.01.01.1008', '32.01.01', 'PT. Balcom Indonesia', 'Jl. Masjid Sirojul Munir RT.03 /03 ', -6.487160206, 106.823387146, 21, '555/003.2.1/00412/DPMPTSP/2019', '555/128/Rek-07/I-PSLP', '2018', NULL),
(3, 'R3200521', 'KEMBANG MELATI', '32.01.01.1012', '32.01.01', 'PT. Centratama Menara Indonesia ', 'Jl. Pabuaran Indah RT 17 RW 01 Kel.Pabuaran Kec. Cibinong Kab. Bogor', -6.440360069, 106.845970154, 20, '591.2/002/00352/BPT/2014', 'REKOM', '', NULL),
(4, 'R3270410', 'CIBINONG 7', '32.01.01.1004', '32.01.01', 'PT. Centratama Menara Indonesia ', 'Jl. Raya Bogor KM 48, RT 003/03, Kp. Nanggewer, Desa Nanggewer, Kec. Cibinong, Kab Bogor', -6.514279842, 106.843261719, 52, '555/003.2.1/00762/DPMPTSP/2019', '555/1014/Rek-134/VIII-PSLP', '2019', NULL),
(5, 'R3270324', 'NANGGEWER', '32.01.01.1004', '32.01.01', 'PT. Centratama Menara Indonesia ', 'Kp. Babakan Tari  RT02/RW08 Desa Nangewer Kec. Cibinong Kab. Bogor Prop. Jawa Barat', -6.515110016, 106.826713562, 42, '555/003.2.1/00677/DPMPTSP/2018', '555/517/Rek-21/IV-PSLP', '2018', NULL),
(6, 'R3270968', 'PURINIRWANA', '32.01.01.1003', '32.01.01', 'PT. Centratama Menara Indonesia ', 'Jl. Al – Falah Cikaret,Gg. H. Suhada   RT.001, RW.009, Kel. Harapanjaya, Kec. Cibinong, Kabupten Bogor - Jawabarat', -6.456200123, 106.839866638, 32, '555/003.2.1/00817/SPMPTSP/2018', 'REKOM', '', NULL),
(7, 'R3270970', 'INKUBATOR', '32.01.01.1004', '32.01.01', 'PT. Centratama Menara Indonesia ', 'Jl. Raya Bogor, KM 47, RT. 004, RW.002, Kel. Nangewer, Kec. Cibinong', -6.502039909, 106.843261719, 32, '555/003.2.1/0116/DPMPTSP/2019', 'REKOM', '', NULL),
(8, 'R3270857', 'CIBINONG PAKANSARI', '32.01.01.1007', '32.01.01', 'PT. Centratama Menara Indonesia ', 'Cikempong RT.03 RW.09 Desa Pakansari Kecamatan Cibinong Kabupaten Bogor Propinsi Jawa Barat', -6.491947174, 106.828536987, 0, '555/003.2.I/01111/DPMPTSP/2020', 'REKOM', '', NULL),
(9, '21TS09B0228', 'Tower Cibinong', '32.01.01.1012', '32.01.01', 'PT. Dayamitra telekomunikasi', 'Jl. Raya Bogor Jakarta Km 42 Cibinong', -6.464333534, 106.855499268, 60, 'Dalam proses', '555/033/Rek-033/PS&TI/IV/2021', '4430', NULL),
(10, '11TS01B0626', 'Jl. Raya Pemda Cibinong', '32.01.01.1008', '32.01.01', 'PT. Dayamitra telekomunikasi', 'Kp Cipayung Kec Pakansari No.0 Rt.1 Rw.2 Pakansari', -6.484234810, 106.822731018, 42, '644/21/DTKP-IMB/XI/2011', 'REKOM', '', NULL),
(11, '12TS09B7565', 'Pemda Kedung Halang', '32.01.01.1009', '32.01.01', 'PT. Dayamitra telekomunikasi', 'Kp Muara Beres Rt 02/Rw 01 Kel Sukahati Kec Cibinong Kab Bogor', -6.501772881, 106.803665161, 42, '555.003.2.1/00547/BPT/2014', 'REKOM', '', NULL),
(12, '13TS11B1919', 'Pabuaran Indah', '32.01.01.1012', '32.01.01', 'PT. Dayamitra telekomunikasi', 'Pabuaran Indah Rt 15/01 Kel. Pabuaran Kec. Cibinong Kab. Bogor', -6.439579964, 106.845687866, 42, '555/003.2.I/00837/BPMPTSP/2016', 'REKOM', '', NULL),
(13, '14IS04B0011', 'Puri Nirwana 3', '32.01.01.1002', '32.01.01', 'PT. Dayamitra telekomunikasi', 'Jl. Raya Pemda Kaumpandak Rt.04/Rw.10 Kelurahan Keradenan, Kecamatan Cibinong', -6.520709991, 106.810951233, 42, '555/003.2.HL/00248/BPMPTSP/2016', 'REKOM', '', NULL),
(14, '15FM05B0008', 'Garden Cibinong Mc-D-GF', '32.01.01.1002', '32.01.01', 'PT. Dayamitra telekomunikasi', 'Kaum Pandak, Rt 05/09 Kel.Karadenan Kec. Cibinong, Kab. Bogor', -6.518780231, 106.811950684, 30, '555/003.2.I/00217/BPMPTSP/2016', 'REKOM', '', NULL),
(15, '15FM05B0010', 'Pabuaran Cibinong Mc-D-GF', '32.01.01.1012', '32.01.01', 'PT. Dayamitra telekomunikasi', 'Jl. Raya Pabuaran Padurenan Rt. 01/06 No. 56 Kel. Pabuaran Kec. Cibinong Kab. Bogor', -6.458920002, 106.848258972, 30, '555/003.2.I/00048/BPMPTSP/2016', 'REKOM', '', NULL),
(16, '15FM05B0019', 'Desa Sukahati Mc-D-GF', '32.01.01.1009', '32.01.01', 'PT. Dayamitra telekomunikasi', 'Desa Sukahati Rt.04 Rw.02, Kel. Sukahati, Kec. Cibinong, Kab. Bogor', -6.504710197, 106.807952881, 30, '555/003.2.I/00731/BPMPTSP/2015', 'REKOM', '', NULL),
(17, '17XL09B0088', 'PONDOK RAJEG / JIHADULA', '32.01.01.1001', '32.01.01', 'PT. Dayamitra telekomunikasi', 'Pondok Rajeg RT 3 RW 3 Kel. Pondok Rajen Kec. Cibinong Kab. Bogor', -6.454830170, 106.817497253, 51, '555/003.2.I/00111/BPT/2012', 'REKOM', '', NULL),
(18, '17XL09B0091', 'KAMPUNG CIKEMPONG / PERUM NANGGEWER INDAH + ADD ANTENNA', '32.01.01.1007', '32.01.01', 'PT. Dayamitra telekomunikasi', 'Jl. Kampung Cikempong', -6.499939919, 106.834060669, 51, '555/003.2.I/00867/BPT/2012', 'REKOM', '', NULL),
(19, '17XL09B0094', 'SETU SELA', '32.01.01.1002', '32.01.01', 'PT. Dayamitra telekomunikasi', ' Jln. Kompendet Kel. Karedenan Kec. Cibinong Kab. Bogor', -6.522620201, 106.814437866, 36, '555/003.2.I/00712/BPT/2012', 'REKOM', '', NULL),
(20, '17XL09B0123', '3G-MAYOR OKING JAYAATMAJA II', '32.01.01.1011', '32.01.01', 'PT. Dayamitra telekomunikasi', 'JL.Mayor Oking No.158 RT.01 RW.01 Desa Cirimekar Kec. Cibinong Kab. Bogor', -6.476329803, 106.862937927, 36, '555/003.2.I/00777/BPT/2012', 'REKOM', '', NULL),
(21, '17XL09B0128', '3G-JL. HAJI TOHIR CITEUREUP / HAJI TOHIR', '32.01.01.1010', '32.01.01', 'PT. Dayamitra telekomunikasi', 'RT.04 RW.03 Desa Ciriung Kec.Cibinong Kab. Bogor', -6.471380234, 106.866539001, 36, '555/003.2.I/00779/BPT/2012', 'REKOM', '', NULL),
(22, '18TS02B0239', 'BAKOSURTANALBGR', '32.01.01.1007', '32.01.01', 'PT. Dayamitra telekomunikasi', 'Jl Raya Jakarta bogor km 46 rt 01 rw 011 desa pakansari cibinong bogor', -6.493279934, 106.844902039, 15, '555/003.2.I/00552/ DPMPTSP/2019', '555/342/Rek-11/III-PSLP', '2019', NULL),
(23, '19IS11B1758', 'BAKOSURTANAL', '32.01.01.1006', '32.01.01', 'PT. Dayamitra telekomunikasi', 'KP.SEMPORA, RT.02,RW.03, DS. CIBINONG, KEC. CIBINONG', -6.498630047, 106.849777222, 62, '555/003.2.I/00182/BPT/2013', 'REKOM', '', NULL),
(24, '19IS11B1806', 'PERUM_BOGORASRI', '32.01.01.1004', '32.01.01', 'PT. Dayamitra telekomunikasi', 'JL, SIROJUL MUNIR KP, NANGGEWER RT 03/08, KEL, NANGGEWER KEC, CIBINONG ', -6.510454178, 106.824531555, 57, '555.003.2.I/00183/BPT/2013', 'REKOM', '', NULL),
(25, '19IS11B1916', 'SUKAHATI', '32.01.01.1009', '32.01.01', 'PT. Dayamitra telekomunikasi', 'JL. PAJELERAN RT.04/RW.07, KEL. SUKAHATI, KEC. COBINONG, CIBINONG BOGOR', -6.489480019, 106.818542480, 62, '555/003.2.I/00262/BPT/2013', 'REKOM', '', NULL),
(26, '21TS08B4584', 'NANGGEWER', '32.01.01.1004', '32.01.01', 'PT. Dayamitra telekomunikasi', 'JL. JL.BINTANG MAS NO 3 RT 01/03 KEL NANGGEWER KEC CIBINONG BOGOR', -6.510000229, 106.841636658, 42, '555/003.2.1/00388/BPT/2010', '555/1191/Rek-162/IX-PSLP', '2019', NULL),
(27, '21TS08B3719', 'SURYAPRAJA', '32.01.01.1009', '32.01.01', 'PT. Dayamitra telekomunikasi', 'KP. PAJELENAN RT.02/08 KEL. SUKAHATI KEC. CIBINONG KAB BOGOR JABAR', -6.477980137, 106.818748474, 42, '555/ 003.2.1/ 00410/ BPT/ 2009', 'REKOM', '', NULL),
(28, '21TS08B3673', 'CIMANDALA', '32.01.01.1004', '32.01.01', 'PT. Dayamitra telekomunikasi', 'JLN KANDANG RODA KL. NAGGEWER KC. CIBINONG KB. BOGOR', -6.519680023, 106.833679199, 20, '555/003.2.1/00376/BPT/2010', '555/1424/Rek-1/XI-POSTEL', '2008', NULL),
(29, '20TS10B1250', 'PDKRAJEKBGR', '32.01.01.1008', '32.01.01', 'PT. Dayamitra telekomunikasi', 'JL. RAYA TMP PONDOK RAJEG BOGOR (SEBELAH BENGKEL MOBIL)', -6.465290070, 106.822998047, 72, '69411/85/TB-DCK/2002', 'REKOM', '', NULL),
(30, '21TS02B0948', 'CIBINONG2', '32.01.01.1006', '32.01.01', 'PT. Dayamitra telekomunikasi', 'KAMPUNG SAWAH RT03/02 KEC CIBINONG KAB BOGOR', -6.483329773, 106.844551086, 42, '694.11/24/TB-DCK/2003', '555/1790/Dishub', '2003', NULL),
(31, '20TS10B1237', 'BOGORASRICBN', '32.01.01.1004', '32.01.01', 'PT. Dayamitra telekomunikasi', 'KAMPUNG KOLOT RT05/07 KEL. NANGGEWER KEC. CIBINONG BOGOR', -6.510980129, 106.820640564, 42, '694.11/21/TB_DCK/2006', '555/2366/Dishub', '2005', NULL),
(32, '20TS10B1495', 'PEMDACBNG', '32.01.01.1008', '32.01.01', 'PT. Dayamitra telekomunikasi', 'JL. TEGAR BERIMAN GG. H. MINGGU KAMPUNG CIPAYUNG RT 03 RW 04  KELURAHAN TENGAH KEC. CIBINONG KAB. BOGOR', -6.478670120, 106.829757690, 42, '694.11/273/TB-DCK/2005', '555/1131/Dishub', '2005', NULL),
(33, '21TS02B0932', 'ITCCIBINONGM', '32.01.01.1010', '32.01.01', 'PT. Dayamitra telekomunikasi', 'JL. LINGKUNGAN 1 CIRIUNG RT 01 RW 02 KEL. CIRIUNG KEC. CIBINONG KAB. BOGOR', -6.477109909, 106.864120483, 42, '591.2/002/00225/DPMPTSP/2020', '555/03/Rek-003/PSLP/I/2020', '2020', NULL),
(34, '20TS10B1209', 'BAKORSUTANAL', '32.01.01.1006', '32.01.01', 'PT. Dayamitra telekomunikasi', 'JL. H. M. ASYARI GG. KLINIK MAHASTA KEC CIBINONG KAB BOGOR', -6.482369900, 106.858993530, 42, '694.11/812/TB-DCK/2009', 'REKOM', '', NULL),
(35, '21TS02B0916', 'MULYANA', '32.01.01.1007', '32.01.01', 'PT. Dayamitra telekomunikasi', 'JLKP.CIKEMPONGRT03/05DS.PAKANSARIKEC.CIBINONGKABBOGOR', -6.492189884, 106.834541321, 42, '694.11/303/TB-DCK/2008', '555/1158/Rek-177/VIII-PSLP', '2018', NULL),
(36, '20TS10B1205', 'CINUNGEMRLNG', '32.01.01.1010', '32.01.01', 'PT. Dayamitra telekomunikasi', 'CITATADALAMRT2/RW13KEL.CIRIUNGKEC.CIBINONG', -6.466829777, 106.867858887, 42, '694.11/102/TB-DCK/2008', 'REKOM', '', NULL),
(37, '21TS02B0907', 'CIRIMEKRCBNG', '32.01.01.1012', '32.01.01', 'PT. Dayamitra telekomunikasi', ' GRAHA CIBINONG - JL.RAYA BOGOR CIBINONG KAB.BOGOR ', -6.473269939, 106.849998474, 42, '555/003.2.I/00304/BPT/2009', 'REKOM', '', NULL),
(38, '21TS02B0882', 'NANGGEWERMKR', '32.01.01.1005', '32.01.01', 'PT. Dayamitra telekomunikasi', 'JL.RAYAKP.PISANGANRT001/RW007DESAKERAGENANKECCIBINONG', -6.498620033, 106.844596863, 42, '694.11/412/TB-DCK/2008', '555/1020/Rek-136/VIII-PSLP', '2019', NULL),
(39, '21TS02B0879', 'PURINIRWANA2', '32.01.01.1003', '32.01.01', 'PT. Dayamitra telekomunikasi', 'JL. RAYA AL-FALAH / CIKARET KP. CIKARET RT.001/009 DESA HARAPAN JAYA', -6.457049847, 106.839576721, 42, '694.11/330/TB-DCK/2006', '555/1470/DISHUB', '2006', NULL),
(40, '21TS02B0866', 'TMBKHIJAU', '32.01.01.1012', '32.01.01', 'PT. Dayamitra telekomunikasi', 'JL. RAYA PABUARAN PADURENAN RT. 01/06 NO. 56 KEL. PABUARAN KEC. CIBINONG KAB. BOGOR', -6.458809853, 106.847999573, 42, '555/003.2.1/00634/DPMPTSP/2020', '555/06/Rek-006-PSLP/I/2020', '2020', NULL),
(41, '21TS02B0910', 'KRADENAN', '32.01.01.1002', '32.01.01', 'PT. Dayamitra telekomunikasi', 'KAUM PANDAK RT.02/04 KEL. KARADENAN KEC. CIBINONG JABAR', -6.518839836, 106.811958313, 42, '694.11/248/TB-DCK/2008', '555/1063/Rek-171/VII-PSLP', '2018', NULL),
(42, '21TS02B0905', 'BJGDEPOK', '32.01.01.1009', '32.01.01', 'PT. Dayamitra telekomunikasi', 'DESA SUKAHATI RT04 RW02KEL. SUKAHATI. KEC.CIBINONG KABUPATEN BOGOR', -6.504519939, 106.808082581, 42, '694.11/406/TB-DCK/2008', '555/401/Rek-5/3/DISHUB ', '2008', NULL),
(43, '21TS11W0252', 'PRSADDPKCBNG', '32.01.01.1010', '32.01.01', 'PT. Dayamitra telekomunikasi', 'Jl. Tapos No. 429 RT 04/10, Desa Ciriung, Kec. Cibinong, Kab. Bogor', -6.456339836, 106.863281250, 42, 'SK-PBG-320101-20092022-001', 'REKOM', '', NULL),
(44, '22TS07B6271', 'ITCCIBINONG', '32.01.01.1006', '32.01.01', 'PT. Dayamitra telekomunikasi', 'GEDUNG ITC CIBINONG JL  MAYOR OKING-CIBINONG-CIBINONG-16911-BOGOR', -6.480110168, 106.863311768, 12, 'Belum Ber-proses', 'no rekom', '', NULL),
(45, '22TS07B6071', 'RAMAYANACBNG', '32.01.01.1011', '32.01.01', 'PT. Dayamitra telekomunikasi', 'RAMAYANA CIBINONG, DESA CIMEKAR-CIRIMEKAR-CIBINONG-16917-BOGOR', -6.467609882, 106.855461121, 6, 'No Need', 'no rekom', '', NULL),
(46, '601747', 'Kp.Pisang', '32.01.01.1002', '32.01.01', 'PT. Dayamitra Telekomunikasi', 'Kp. Pisang RT/RW 002/007', -6.514959812, 106.813819885, 30, '555/003.21/00577/BPMPTSP/2015', 'REKOM', '', NULL),
(47, '601898', 'Kaum Pandak', '32.01.01.1002', '32.01.01', 'PT. Dayamitra Telekomunikasi', 'Kp.Kaum Pandak Rt.004 Rw. 003 ', -6.523898125, 106.807617188, 32, '555/003.2.PD/00506/BPMPTSP/2016', 'REKOM', '', NULL),
(48, '23IS02B0313', 'MUARA_BERES', '32.01.01.1009', '32.01.01', 'PT. Dayamitra Telekomunikasi', 'Jl Swadaya Kp Muara Beres RT 002 RW 004 Kelurahan Sukahati Kecamatan Cibinong Kabupaten Bogor Provinsi Jawa Barat', -6.493100166, 106.811660767, 42, '555/003.2.I/00259/BPMPTSP/2015', 'REKOM', '', NULL),
(49, '23IS02B0279', 'PAJELARAN', '32.01.01.1009', '32.01.01', 'PT. Dayamitra Telekomunikasi', 'Kampung Pajeleran RT. 07 RW. 06 Kel. Sukahati \r\nKec. Cibinong - Kab Bogor Prov Jawa Barat', -6.484240055, 106.813941956, 30, '555/003.2.1/00617/BPMPTSP/2015', 'REKOM', '', NULL),
(50, '23IS02B0420', 'BINTANG_MAS', '32.01.01.1004', '32.01.01', 'PT. Dayamitra Telekomunikasi', 'Jl. Bintangmas Rt 04/03', -6.507209778, 106.833679199, 20, '555/003.2.I/00726/BPMPTSP/2015', 'REKOM', '', NULL),
(51, '100240', 'MAYOR OKING', '32.01.01.1010', '32.01.01', 'PT. Dayamitra Telekomunikasi', 'Lingkungan 01 Ciriung RT. 002/002', -6.474390030, 106.864151001, 42, '555/003.2.1/00472/BPMPTSP/2018\r\n', 'REKOM', '', NULL),
(52, '600948', 'KP. KRAMAT', '32.01.01.1003', '32.01.01', 'PT. Dayamitra Telekomunikasi', 'Jl. Kramat RT. 001/003', -6.465300083, 106.831901550, 42, '555/003.2.I/00255/BPMPTSP/2015', 'REKOM', '', NULL),
(53, '23IS02B0478', 'Bedahan', '32.01.01.1012', '32.01.01', 'PT. Dayamitra Telekomunikasi', 'Kp. Pabuaran RT. 01/10', -6.443180084, 106.847236633, 32, '555/003.2.I/00599/BPMPTSP/2016', 'REKOM', '', NULL),
(54, 'E3200181', 'AKHDIAT', '32.01.01.1010', '32.01.01', 'PT. Epid Menara AssetCo', 'JL. CITATAH DALAM KAV. 11/ JL. GOLF CIRIUNG, CIRIUNG, CIBINONG', -6.467945099, 106.861114502, 55, 'Dalam Proses', '555/789/Rek-63/VII-POSTEL', '2010', NULL),
(55, 'E3200164', 'ALIHANAFIAH', '32.01.01.1007', '32.01.01', 'PT. Epid Menara AssetCo', 'JL. PEMDA CIBINONG, CIBINONG, BOGOR', -6.488149166, 106.838790894, 55, '555.003.2.I/00462/BPT/2013', '555/1569/Rek-214/XI-PSLP', '2019', NULL),
(56, 'E3200143', 'BOGOR_ASRI', '32.01.01.1002', '32.01.01', 'PT. Epid Menara AssetCo', 'Jl. Raya Cogreg, Kampung Kaumpandak, RT. 02 - RW. 08, Kel. Karadenan, Kec. Cibinong, Kab. Bogor, Jawa Barat  ', -6.520946980, 106.819953918, 42, '555.003.2.I/00189/BPT/2013', 'REKOM', '', NULL),
(57, 'E3200139', 'MARDI', '32.01.01.1009', '32.01.01', 'PT. Epid Menara AssetCo', 'JL. RAYA SUKAHATI, CIBINONG, BOGOR', -6.502799988, 106.808921814, 54, '555.003.2.I/00495/BPT/2013', '555/1560/Rek-205/XI-PSLP', '2019', NULL),
(58, 'E3200165', 'NANGGEWER', '32.01.01.1004', '32.01.01', 'PT. Epid Menara AssetCo', 'JL. BINTANG MAS NO 3 KEL NANGGEWER CIBINONG BOGOR', -6.509915352, 106.841567993, 62, '555/003.2.I/0902/BPT/2012', '555/839/Rek-95/VII-PSLP', '2019', NULL),
(59, 'E3200006', 'MIC_ST_KRL_CIBINONG', '32.01.01.1012', '32.01.01', 'PT. Epid Menara AssetCo', 'Jl. Kp. Kebon Kopi Jl. Padurenan No.Blok, Pabuaran, Cibinong, Bogor, Jawa Barat 16916', 0.000000000, 0.000000000, 6, 'No Need', 'no rekom', '', NULL),
(60, 'E3200174', 'SUMADI_CIBINONG', '32.01.01.1012', '32.01.01', 'PT. Epid Menara AssetCo', 'JL. RAYA BOGOR KP. BEDAHAN RT.01/01 NO.7, KEL. PABUARAN CIBINONG', -6.436930180, 106.851760864, 62, '694.11/111/IMB/BPMP2T/2017', 'REKOM', '', NULL),
(61, 'E3200149', 'TENGAH_CIBINONG', '32.01.01.1008', '32.01.01', 'PT. Epid Menara AssetCo', 'JL. SUKAHATI NO.38 RT.02/07 DESA TENGAH', -6.472696781, 106.822380066, 70, '694.11/98/TRB/2001', 'REKOM', '', NULL),
(62, 'E3200176', 'RAYA_BOGOR_KM39', '32.01.01.1012', '32.01.01', 'PT. Epid Menara AssetCo', 'JL. AN-NUR RT.09/14, PEDURENAN CIBINONG BOGOR', -6.460996151, 106.854278564, 55, '555/003.2.1.P/01083/DPMTSP/2021', 'REKOM', '', NULL),
(63, 'CBN338', 'CIPAYUNG CIBINONG', '32.01.01.1008', '32.01.01', 'PT. Gametraco Tunggal', 'Jl. Kp. Cipayung Gg. Musholla Rt. 03/05 No. 10, Kel. Tengah Kec. Cibinong Kab. Bogor', -6.474349976, 106.828956604, 42, '003/0713/DPMSTP/2021', '555/779/Rek-54/VI-PSLP', '2018', NULL),
(64, '03CBN102', '_ITC_CIBINONG', '32.01.01.1006', '32.01.01', 'PT. Indosat, Tbk', 'JL. RAYA MAYOR OKING, CIBINONG-BOGOR', -6.479476929, 106.863502502, 3, 'No Need', 'no rekom', '', NULL),
(65, '03CBN353', '_RAMAYANA_CIBINONG', '32.01.01.1011', '32.01.01', 'PT. Indosat, Tbk', 'JL.RAYA JAKARTA - BOGOR KM42 CIBINONG BOGOR', -6.467619896, 106.854560852, 3, 'No Need', 'no rekom', '', NULL),
(66, 'JB-0136-T-S', 'Cibinong Ciriung', '32.01.01.1010', '32.01.01', 'PT. Inti Bangun Sejahtera, Tbk', 'Lingkungan 03 Citatah RT.001/009, Kel. Ciriung, Kec. Cibinong, Kab. Bogor, Jawa Barat', -6.463900089, 106.862602234, 42, '694.11/356/TB-DCK/2008', '555/198/DISHUB', '', NULL),
(67, 'JB-0137-T-S', 'Cibinong Desa Tengah', '32.01.01.1008', '32.01.01', 'PT. Inti Bangun Sejahtera, Tbk', 'Jl. Taman Makam Pahlawan, Kampung Cipayung RT.001/006, Kel. Desa Tengah, Kec. Cibinong, Kab. Bogor, Jawa Barat', -6.468299866, 106.825996399, 43, '694.11/317/TB-DCK/2007', '555/2207/DISHUB', '2006', NULL),
(68, 'JB-0138-T-S', 'Cibinong Nanggewer', '32.01.01.1006', '32.01.01', 'PT. Inti Bangun Sejahtera, Tbk', 'Kampung Sampora RT.002/003, Kel. Cibinong, Kec. Cibinong, Kab. Bogor, Jawa Barat', -6.500400066, 106.848999023, 45, '694.11/136/TB-DCK/2007', '555/2213/DISHUB', '2006', NULL),
(69, 'JB-0155-T-S', 'H. Nurdin', '32.01.01.1003', '32.01.01', 'PT. Inti Bangun Sejahtera, Tbk', 'Cikaret RT.003/006, Kel. Harapan Jaya, Kec. Cibinong, Kab. Bogor, Jawa Barat', -6.466000080, 106.842102051, 36, '555/003.2.1/00118/DPMPTSP/2021', '555/407/Rek-11/II/DISHUB ', '2008', NULL),
(70, 'JB-0264-T-S', 'Infill Cibinong 1 / Pakansari', '32.01.01.1007', '32.01.01', 'PT. Inti Bangun Sejahtera, Tbk', 'Kampung Curug RT.003/012, Desa Pakansari, Kec. Cibinong, Kab. Bogor, Jawa Barat', -6.483300209, 106.842201233, 52, '555/003.2.I/00637/BPT/2009', 'REKOM', '', NULL),
(71, 'JB-0265-T-S', 'Muara Beres', '32.01.01.1009', '32.01.01', 'PT. Inti Bangun Sejahtera, Tbk', 'Kampung Muara Beres RT.002/001, Kel. Sukahati, Kec. Cibinong, Kab. Bogor, Jawa Barat', -6.502999783, 106.803596497, 42, '555/003.2.I/00512/BPT/2009', '555/960.1/Rek-45-Rev/XI-POSTEL', '2013', NULL),
(72, 'JB-1036-T-B', 'Pedurenan Pabuaran / Industri Jatake', '32.01.01.1012', '32.01.01', 'PT. Inti Bangun Sejahtera, Tbk', 'Padurenan RT.001/006, Kel. Pabuaran, Kec. Cibinong, Kab. Bogor, Jawa Barat', -6.458610058, 106.848289490, 30, 'Dalam Proses', '555/163/Rek.163/PS&TI/Xl/2021', '', NULL),
(73, 'JB-1706-M-B', 'Kampung Tari Kolot', '32.01.01.1005', '32.01.01', 'PT. Inti Bangun Sejahtera, Tbk', 'Kampung Tari Kolot RT.001/005, Kel. Nanggewer Mekar, Kec. Cibinong, Kab. Bogor, Jawa Barat', -6.502620220, 106.836288452, 18, '555/003.2.1/00265/DPMPTSP/2020 ', '555/879/Rek-111/VII-PSLP', '2019', NULL),
(74, 'JB-1716-M-B', 'Kampung Cikempong Kopo MCP', '32.01.01.1007', '32.01.01', 'PT. Inti Bangun Sejahtera, Tbk', 'Kampung Cikempong RT.001/009, Desa Pakansari, Kec. Cibinong, Kab. Bogor, Jawa Barat', -6.497350216, 106.827987671, 18, '555/003.2.1/00369/dpmptsp/2020', '555/880/Rek-112/VII-PSLP', '2019', NULL),
(75, 'JB-1034-T-B', 'Muara Beres', '32.01.01.1009', '32.01.01', 'PT. Inti Bangun Sejahtera, Tbk', 'Jl. Swadaya, Kp. Muara Beres, RT.02/RW.04, Kel. Sukahati, Kec. Cibinong, Kab, Bogor, Jawa Barat', -6.494329929, 106.810997009, 30, 'Dalam Proses', '555/164/Rek.164/PS&TI/Xl/2021', '', NULL),
(76, 'KIN-BGR-113-06', 'Mayor Oking', '32.01.01.1011', '32.01.01', 'PT. Komet Infra Nusantara', 'Jl. Moh.asyari', -6.480569839, 106.862129211, 9, '644.1/003.2.PL/00812/BPT/2012', 'REKOM', '', NULL),
(77, '1260382003', 'KARADENAN-BOGOR-JAWA BARAT', '32.01.01.1002', '32.01.01', 'PT. Permata Karya Perdana', 'Kamp. Pisang RT. 05 RW. 06 Kel. Karadenan Kec. Cibinong Kab. Bogor Jawa Barat  Kodepos : 16913', -6.510540009, 106.812141418, 31, '555/003.2.1/00210/BPT/2014', 'REKOM', '', NULL),
(78, 'JAW-WJV-0968-H-P', 'Toko Formica', '32.01.01.1010', '32.01.01', 'PT. Protelindo', 'Jl. Mayor Oking Jaya Atmaja No. 9D RT 03 RW 01 Kel. Ciriung Kec. Cibinong Kabupaten Bogor Provinsi Jawa Barat', -6.479569912, 106.865310669, 6, '555/003.2.I/00227/DPMPTSP/2019', '555/397/Rek-23/III-PSLP', '2019', NULL),
(79, 'JAW-WJV-0014-D-P', 'Nirwana Estate', '32.01.01.1003', '32.01.01', 'PT. Protelindo', 'Jl. KH. Toha Kp. Cikaret RT.04/RW.11, Kab. Bogor, Bogor,Harapan Jaya ,Cibinong', -6.472780228, 106.840873718, 42, '555/003.2.I/00362/DPMPTSP/2018', '555/920/Rek-150/VI-PSLP', '2018', NULL),
(80, 'JAW-WJV-0192-H-P', 'Cikaret - Cibinong', '32.01.01.1003', '32.01.01', 'PT. Protelindo', 'Jl. Cikaret Gg. Berkah No.50 Rt 01 Rw 06  Bogor,Harapan Jaya,Cibinong ', -6.466310024, 106.841926575, 45, '555/003.2.I.P/00334/DPMPTSP/2021', '555/917/Rek-147/VI-PSLP', '2018', NULL),
(81, 'JAW-WJV-0178-X-P', 'Situ Cikaret', '32.01.01.1003', '32.01.01', 'PT. Protelindo', 'Jl. Kampung Kramat RT. 003 RW. 03, Harapan Jaya Cibinong, Jawa Barat', -6.462873936, 106.830192566, 72, '555/003.2.I/00434/DPMPTSP/2018', '555/891/Rek-121/VI-PSLP', '2018', NULL),
(82, 'JAW-WJV-0359-H-B', 'Keradenan', '32.01.01.1002', '32.01.01', 'PT. Protelindo', 'Jl. Raya Pemda Keradenan No.14 RT.04/10 Kp.Kaum pandak Desa Keradenan Kec. Cibinong Kab. Bogor Jawa Barat,Keradenan,Cibinong', -6.512650013, 106.806419373, 40, '555/003.2.I/00219/DPMPTSP/2019', '555/403/Rek-29/III-PSLP', '2019', NULL),
(83, 'JAW-WJV-0053-R-B', 'Binong Raya Mc-P-GF', '32.01.01.1004', '32.01.01', 'PT. Protelindo', 'Jl. Raya Bogor KM 48 Rt.03/ Rw 03 Kel. Nanggewer. Kec. Cibinong, Kab. Bogor,Nanggewer,Cibinong', -6.516489983, 106.838928223, 21, '555/003.2.I/00222/DPMPTSP/2019', '555/395/Rek-21/III-PSLP', '2019', NULL),
(84, 'JAW-WJV-0406-H-P', 'Nanggewer Mekar - Nanggewer Mekar', '32.01.01.1005', '32.01.01', 'PT. Protelindo', 'Nanggewer Mekar RT 03 RW 02 No. 44,Nenggewer Mekar,Cibinong', -6.502960205, 106.842643738, 45, '555/003.2.I/00448/DPMPTSP/2018', '555/832/Rek-64/VI-PSLP', '2018', NULL),
(85, 'JAW-WJV-0969-H-P', 'MITRA ELEKTRONIK', '32.01.01.1012', '32.01.01', 'PT. Protelindo', 'Jl. Raya Jakarta Bogor No. 763 Simpang 3 Cibinong Bogor Provinsi Jawa Barat', -6.465260029, 106.855216980, 6, '555/003.2.I/00215/DPMPTSP/2019', '555/398/Rek-24/III-PSLP', '2019', NULL),
(86, 'JAW-WJV-0385-X-P', 'CIMANGGIS CILANGKAP', '32.01.01.1012', '32.01.01', 'PT. Protelindo', 'Jl. Raya Jakarta - Bogor KM 39 RT 001 RW 01, Kel. Pabuaran, Kec. Cibinong, Kab. Bogor, Jawa Barat', -6.438179970, 106.851799011, 50, '694.11/244/TB-DCK/2003', 'REKOM', '', NULL),
(87, 'JAW-WJV-0767-H-P', 'Curug - Pakansari - Cibinong', '32.01.01.1007', '32.01.01', 'PT. Protelindo', 'Jl. Curug Rt 05 Rw 01 Kab. Bogor,Pakansari ,Cibinong ', -6.480720043, 106.840042114, 40, '555/003.2.I/00214/DPMPTSP/2019', '555/393/Rek-19/III-PSLP', '2019', NULL),
(88, 'JAW-WJV-0245-H-B', 'Pakansari Cibinong', '32.01.01.1007', '32.01.01', 'PT. Protelindo', 'Jl. Raya Bogor - Jakarta Kp.Curug RT.005/012Kel.Pakansari Kec. Cibinong Kab.Bogor,Pakansari,Cibinong', -6.486559868, 106.843116760, 36, '555/003.2.I/00220/DPMPTSP/2019', '555/404/Rek-30/III-PSLP', '2019', NULL),
(89, 'JAW-WJV-0426-X-P', 'Pakan Sari', '32.01.01.1007', '32.01.01', 'PT. Protelindo', 'Kp. Sari Mulya RT 03 RW 08 Kel. Pakansari', -6.490849972, 106.838172913, 42, '555/003.2.I/00228/DPMPTSP/2019', '555/411/Rek-37/III-PSLP', '2019', NULL),
(90, 'JAW-WJV-0521-H-P', 'KP.PAJELERAN - SUKAHATI - CIBINONG', '32.01.01.1009', '32.01.01', 'PT. Protelindo', 'KP.PAJELERAN RT 02 RW 08 KAB.BOGOR,SUKAHATI ,CIBINONG ', -6.479869843, 106.818870544, 50, '555/003.2.I/00379/DPMPTSP/2018', '555/866/Rek-96/VI-PSLP', '2018', NULL),
(91, 'JAW-WJV-0074-X-B', 'Bojong Baru Cibinong', '32.01.01.1009', '32.01.01', 'PT. Protelindo', 'Jl.Kamp Poncol RT.04 RW.08 Kel.Sukahati,sukahati,cibinong', -6.471340179, 106.817642212, 40, '555/003.2.I/00418/DPMPTSP/2018', '555/897/Rek-127/VI-PSLP', '2018', NULL),
(92, 'JAW-WJV-0262-H-B', 'Sirojul Munir Cipayung', '32.01.01.1008', '32.01.01', 'PT. Protelindo', 'Jln. Sirojul Munir Cipayung No. 72RT. 001 RW. 02 Kel. Tengah Kec. Cibinong\r\n,Tengah,cibinong', -6.483339787, 106.824531555, 40, '555/003.2.I/00429/DPMPTSP/2018', '555 / 886/ REK-116/ VI- PSLP', '2018', NULL),
(93, 'JAW-WJV-0196-X-P', 'CIBINONG PEMDA', '32.01.01.1008', '32.01.01', 'PT. Protelindo', 'Cipayung Rt 03/ 01 Desa Tengah Kec. Cibinong Kabupaten Bogor', -6.479849815, 106.821937561, 31, '555/003.2.I/00721/DPMPTSP/2018', '555/1514/Rek-254/X-PSLP', '2018', NULL),
(94, 'JAW-WJV-0041-I-P', 'RAYA_BOGOR_KM43', '32.01.01.1012', '32.01.01', 'PT. Protelindo', 'SMA,SMP AL-HUDA JL.RAYA BOGOR KM.43 CIBINONG BOGOR', -6.474586010, 106.846290588, 52, '555/003.2.I/00833/DPMPTSP/2020', 'REKOM', '', NULL),
(95, 'JAW-WJV-0561-X-P', 'Bojong Depok Baru 2', '32.01.01.1009', '32.01.01', 'PT. Protelindo', 'Kel. Sukahati Kec. Cibinong Kab. Bogor', -6.504084110, 106.807975769, 31, '555/003.2.I.P/00553/DPMPTSP/2021', 'REKOM', '', NULL),
(96, 'JAW-WJV-0566-X-P', 'Site Cibinong', '32.01.01.1010', '32.01.01', 'PT. Protelindo', 'Jl. Tapos RT. 02 RW.10, Desa Ciriung, Kec. Cibinong, Kab. Bogor', -6.461855888, 106.859024048, 50, '694.11/223/TRB/1999', 'REKOM', '', NULL),
(97, 'JAW-WJV-0565-X-P', 'Ciri Mekar Cibinong', '32.01.01.1006', '32.01.01', 'PT. Protelindo', 'Div. Infanteri, Kel. Cibinong, Kec. Cibinong, Kab. Bogor', -6.482500076, 106.847953796, 30, '555/003.2.I.P/00557/DPMPTSP/2021', 'REKOM', '', NULL),
(98, 'JAW-WJV-0564-X-P', 'Puri Nirwana', '32.01.01.1012', '32.01.01', 'PT. Protelindo', 'Kelurahan Pabuaran Kecamatan Cibinong Kabupaten Bogor', -6.468319893, 106.845886230, 36, '694.11/67/TB-DCK/2006', 'REKOM', '', NULL),
(99, 'JAW-WJV-0296-I-B', 'RYBOGOR_PAKANSARI_CBX', '32.01.01.1007', '32.01.01', 'PT. Protelindo', 'JL KH Syamsuri RT 03 RW 11 Kel. Pakansari, Kec Cibinong\r\n', -6.493780136, 106.842376709, 41, 'Dalam Proses', '555/095/Rk-095/PS&TI/VII/2021', '29 J', NULL),
(100, 'JBBO0024', 'RUKO BPK ROY / IBU ANI', '32.01.01.1012', '32.01.01', 'PT. Solusi Tunas Pratama', 'Jalan raya bogor KM 43 Rt:006 Rw:009 Kelurahan pabuaran, kecamatan cibinong, kabupaten bogor', -6.471049786, 106.849250793, 15, '694.11/555/TB-DCK/2008', '555/612/Rek-33/V-PSLP', '2018', NULL),
(101, 'JBBO0037', 'BUKIT PABUARAN INDAH 2', '32.01.01.1012', '32.01.01', 'PT. Solusi Tunas Pratama', 'Kp. Padurenan Kel. Pabuaran RT. 02/03 Kec. Cibinong Kab. Bogor', -6.448329926, 106.851097107, 36, '555/003.2.I/00374/BPT/2009', 'REKOM', '', NULL),
(102, 'JBBO0039', 'PURI NIRWANA CIBINONG', '32.01.01.1012', '32.01.01', 'PT. Solusi Tunas Pratama', 'Jl. Pabuaran dpn Mesjid AT-Taqwa RT/RW 03/06, Kel. Pabuaran, Kec. Cibinong, Kab. Bogor', -6.457200050, 106.845573425, 36, '555/003.2.I/00054/BPT/2009', 'REKOM', '', NULL),
(103, 'JBBO0068', 'BUMI CIMANDALA', '32.01.01.1004', '32.01.01', 'PT. Solusi Tunas Pratama', 'JL. RODA PEMBANGUNAN RT.02 RW.08 KEL. NANGGEWER KEC. CIBINONG KAB.BOGOR', -6.514629841, 106.827552795, 52, 'Dalam proses', '555/1128/Rek-28/VIII-POSTEL', '2011', NULL),
(104, 'JBBO0075', 'BOGOR SENTUL', '32.01.01.1004', '32.01.01', 'PT. Solusi Tunas Pratama', 'Jl. Raya Bogor Km 47 Nanggewer RT/RW 02/03 Kel. Nanggewer Cibinong', -6.511240005, 106.841613770, 42, '555/003.2.I/00494/DPMPTSP/2020', '555/1863/Rek-233/XII-PSLP', '2019', NULL),
(105, 'JBBO0139', 'CIRIUNG CIBINONG', '32.01.01.1011', '32.01.01', 'PT. Solusi Tunas Pratama', 'Jl. Mayor Oking, Rt/Rw 002/01, Kel. Cirimekar, Kec. Cibinong, Kabupaten Bogor', -6.471910000, 106.861579895, 31, '694-U/327/TB-DCK/2006', '555/966/DISHUB', '2006', NULL),
(106, 'JBBO0141', 'BULAK RATA DEPOK', '32.01.01.1001', '32.01.01', 'PT. Solusi Tunas Pratama', 'Jl. Jatimulya Kp. Sawah RT.01/08, Desa Pondok Rajeg, Kec. Cibinong, Kab. Bogor, Jawa Barat', -6.456240177, 106.827362061, 51, '555/003.2.1.P/01232/DPMPTSP/2021', '555/470/DISHUB', '2006', NULL),
(107, 'JBBO0147', 'BAKOSURTANAL', '32.01.01.1007', '32.01.01', 'PT. Solusi Tunas Pratama', 'Desa Cikempon, Rt/Rw 002/01, Kel. Pakansari, Kec. Cibinong, Kab. Bogor', -6.495299816, 106.844436646, 31, '555/003.2.I.P/00643/DPMPTSP/2021', 'REKOM', '', NULL),
(108, 'JBBO0149', 'SUKATI BOJONG GEDE', '32.01.01.1009', '32.01.01', 'PT. Solusi Tunas Pratama', 'Jl Kapling No 44 RT 1 RW 7 Kel Sukahati Kec Cibinong Kab Bogor ', -6.491119862, 106.817710876, 31, '555/003.2.I.P/01055/DPMPTSP/2021', '555/2708/Dishub', '2005', NULL),
(109, 'JBBO0153', 'NANGGAWER', '32.01.01.1005', '32.01.01', 'PT. Solusi Tunas Pratama', 'Kp. Tarik Kolot RT01 RW07, Kec. Cibinong, Kab. Bogor, Jawa Barat', -6.504819870, 106.826179504, 51, '24/P/2010/BPT', 'REKOM', '', NULL),
(110, 'JBBO0155', 'NANGGAWER MEKAR', '32.01.01.1005', '32.01.01', 'PT. Solusi Tunas Pratama', 'Jl. Raya Jakarta Bogor KM47.5 RT05 RW02, Kel. Nanggewer Mekar, Kec. Cibinong, Kab. Bogor, Jawa Barat', -6.509369850, 106.842407227, 31, '23/P/2010/BPT', '555/1869/DISHUB', '2006', NULL),
(111, 'JBBO0070', 'SITU CIKARET', '32.01.01.1007', '32.01.01', 'PT. Solusi Tunas Pratama', 'Kp.Curug Pakansari Rt 06/03 Kel.Pakansaei Kec.Cibinong Kab. Bogor', -6.472720146, 106.836372375, 42, 'SK-PBG-320101-29042022-001', 'REKOM', '', NULL),
(112, 'BOO138', 'SUKAHATICBNG', '32.01.01.1009', '32.01.01', 'PT. Telkomsel', 'JL RAYA SUKAHATI GANG SWADAYA NO 37 KAMPUNG MUARA BERES KEC CIBINONG BOGOR', -6.493390083, 106.811859131, 42, '694.11/265/TB-DCK/2005', '555/1131/Dishub', '2005', NULL),
(113, 'T000419', 'JATIMULYA', '32.01.01.1001', '32.01.01', 'Tower Bersama Group', 'Jl. Al Barokah Kp. Bulak Rata RT.02/08, Kel. Pd Rajek Cibinong', -6.456639767, 106.831977844, 42, '694.11/367/TB-DCK/2005', 'REKOM', '', NULL),
(114, 'T000356', 'PEMDA KAB BOGOR CIBINONG', '32.01.01.1008', '32.01.01', 'Tower Bersama Group', 'Jln. Rajawali I Rt 03/04 No.5 Kel. Cibinong / Kec. Cibinong Tengah Cibinong', -6.477829933, 106.829742432, 42, '694.11/397/TB-DCK/2008', 'REKOM', '', NULL),
(115, '120514110', '3G ALBALIAH CIBINONG', '32.01.01.1012', '32.01.01', 'Tower Bersama Group', 'Padurenan.Pabuaran.Rt.01 Rw.09 Kel Pabuaran Kec.Cibinong', -6.468259811, 106.851226807, 26, '555/003.2.I/00025/BPT/2015', 'REKOM', '', NULL),
(116, '120580106', 'KERADENAN', '32.01.01.1002', '32.01.01', 'Tower Bersama Group', 'Jl. Pemda Gang II RT 03/IV, Kelurahan Keradenan, Kecamatan Cibinong\r\nBogor-Jawa Barat', -6.518149853, 106.806739807, 60, '5555/003.2.I/00935/DPMPTSP/2019', '555/938/Rek-115/VIII-PSLP', '2019', NULL),
(117, '120510110', '3G WARUNG DUKUH CIBINONG', '32.01.01.1012', '32.01.01', 'Tower Bersama Group', 'Jl.Peduren Pabuaran RT 3 Rw.13Kel Pabuaran Kec Cibinongbogor', -6.453460217, 106.848152161, 26, '555/003.2.1/00489/BPT/2012', 'REKOM', '', NULL),
(118, '120619110', '3G SIMPANG RAYA BOGOR', '32.01.01.1012', '32.01.01', 'Tower Bersama Group', 'Jl. Raya Cikaret No.7 Rt.02/Rw.11 Kel.Pabuaran Kec.Cibinong Kab. BogorKec. CibinongKab. Bogor', -6.477310181, 106.844772339, 12, '555/003.2.1/00002/BPT/2015', 'REKOM', '', NULL),
(119, '125133109', 'CILIWUNGNANGGEWER', '32.01.01.1001', '32.01.01', 'Tower Bersama Group', 'Pondok Rajeg, Rt.003, Rw.001, Desa Pondok Rajeg, Cibinong', -6.445559978, 106.815773010, 32, '555/003.2.I/00070/DPMPTSP/2020', 'REKOM', '', NULL),
(120, '125253109', 'TEGARBERIMANBOGOR', '32.01.01.1007', '32.01.01', 'Tower Bersama Group', 'Jl. H. Jairan Kp. Cikempong Rt.003 Rw.009Kelurahan PakansariKecamatan CibinongKelurahan PakansariKecamatan Cibinong', -6.487949848, 106.830383301, 42, '555/003.2.1/00936/DPMPTSP/2019', 'REKOM', '', NULL),
(121, '123505109', 'PAKANSARITENGAHMW', '32.01.01.1007', '32.01.01', 'Tower Bersama Group', 'Jalan Kampung Curug RT 005 RW 001 Kel. Pakansari Kec. Cibinong Kab. Bogor Jawa Barat', -6.479690075, 106.839927673, 29, '555/003.2.1/00123/BPMPTSP/2016', 'REKOM', '', NULL),
(122, '123103109', 'SUKAHATI TENGAH', '32.01.01.1007', '32.01.01', 'Tower Bersama Group', 'Jalan  kampung Cikempong RT 02 RW 09 Kel.PAKAN SARI Kec. Cibinong Kab. Bogor', -6.490729809, 106.822547913, 42, '555/003.2.I/00660/BPT/2014', 'REKOM', '', NULL),
(123, '122302109', 'KARADENAN CILEBUT45_SALES', '32.01.01.1002', '32.01.01', 'Tower Bersama Group', 'KAMPUNG PISANG RT  005 RW 006 KEL KARADENAN KEC CIBINONG KAB BOGOR', -6.510759830, 106.812919617, 36, '555/0003.2.1/00530/BPMPTSP/2015', 'REKOM', '', NULL),
(124, '122299109', 'ALI HANAFIAH49_SALES', '32.01.01.1007', '32.01.01', 'Tower Bersama Group', 'Jl. H Nasim No.56 RT 001 RW 04 Kel. Pakan Sari Kec. Cibinong Bogor', -6.484029770, 106.838577271, 42, '555/003.2.I/00084/BPT/2014', 'REKOM', '', NULL),
(125, '123115109', 'KELKARADENANMW', '32.01.01.1002', '32.01.01', 'Tower Bersama Group', 'Kamp.Babakan Rt 04 Rw 05 Kel.Karadenan Kec.Cibinong Kab.Bogor', -6.515039921, 106.802658081, 42, '555/003.2.I/00678/BPT/2014', 'REKOM', '', NULL),
(126, '123208109', 'KARADENAN', '32.01.01.1002', '32.01.01', 'Tower Bersama Group', 'KP. KAUM PANDAK RT 04 RW 10 KEL: KARADENAN KEC: CIBINONG KAB: BOGOR', -6.511079788, 106.805618286, 36, '555/003.2.1/00515/BPMPTSP/2015', 'REKOM', '', NULL),
(127, '120511110', '3G JL PALAD BOGOR', '32.01.01.1011', '32.01.01', 'Tower Bersama Group', 'Jl.Raya Bogor Km43 no 1graha cibinonggraha cibinong', -6.473380089, 106.849609375, 32, '555/003.2.I/00748/BPT/2012', 'REKOM', '', NULL),
(128, '120618110', '3G DUKUH RAYA BOGOR', '32.01.01.1010', '32.01.01', 'Tower Bersama Group', 'Jl. Raya Bogor Km 41 3M Kp. Kranji RT 01 RW 12 Desa Ciriung Kec. Cibinong Kab. BogorKec. CibinongKab. Bogor', -6.457660198, 106.856353760, 20, '555/003.2.I/00737/BPT/2014', 'REKOM', '', NULL),
(129, '122303109', 'CUMANDALA KRADENAN', '32.01.01.1002', '32.01.01', 'Tower Bersama Group', 'KP. Kaumpandak RT. 007/RW. 02 Kel. Karadenan Kec. Cibinong Kab. Bogor', -6.528220177, 106.815902710, 42, '555/003.2.I/00707/BPT/2013', 'REKOM', '', NULL),
(130, '122300109', 'PERUM BOGOR ASRI', '32.01.01.1009', '32.01.01', 'Tower Bersama Group', 'PAJELERAN RT.001/005 KEL.SUKAHATI KEC.CIBINONG KAB.BOGOR', -6.500629902, 106.814826965, 42, '555/003.2.I/00184/BPT/2014', 'REKOM', '', NULL),
(131, '122301109', 'PURI ALAM KENCANA47_SALES', '32.01.01.1005', '32.01.01', 'Tower Bersama Group', 'Jln Nanggewer, Kp. Tarikolot Rt.003 Rw.006, Kel. Nanggewer Mekar/ Kec. Cibinong, Cibinong -Jawa Barat', -6.501979828, 106.824897766, 42, '555/003.2.I/00086/BPT/2014', 'REKOM', '', NULL),
(132, '123228109', 'SUKAHATITENGAHMW', '32.01.01.1009', '32.01.01', 'Tower Bersama Group', 'Jl.Raya Sukahati Pemda Kamp.pajeleran Rt 06 Rw 06 Kel.Sukahati Kec.Cibinong Kab.Bogor', -6.488409996, 106.815803528, 42, '555/003.2.I/00668/BPT/2014', 'REKOM', '', NULL),
(133, '124035126', 'PERUMAHAN BUMI SENTOSA', '32.01.01.1005', '32.01.01', 'Tower Bersama Group', 'Jl. Sempora RT. 03 RW. 01 Kel. Nangewer Kec. Cibinong', -6.506430149, 106.846939087, 42, '555/003.2.1/00859/BPMPTSP/2016', 'REKOM', '', NULL),
(134, '125250109', 'PTNITTOHPRESISICBN', '32.01.01.1004', '32.01.01', 'Tower Bersama Group', 'Jl. Bintang Mas Rt.005 Rt.003 Kelurahan Nanggewer, Kecamatan Cibinong , Kabupaten Bogor, Prop. Jawa BaratKECAMATAN CIBINONG', -6.508510113, 106.834877014, 42, '555/003.2.1/00084/DPMPTSP/2020', 'REKOM', '', NULL),
(135, '110960109', 'KOMPLEK BAKOSURTANAL', '32.01.01.1012', '32.01.01', 'Tower Bersama Group', 'Kp. Padurenan RT/RW 07/ kelurahan pabuaran kecamatan cibinong', -6.464779854, 106.849693298, 36, '555/003.2.I/00079/BPT/2015', 'REKOM', '', NULL),
(136, '122191109', 'PONDOK RAJEG CITAYAM', '32.01.01.1001', '32.01.01', 'Tower Bersama Group', 'Kp. Pondok Rajeg no 42 RT 03/01 Kel Pondook Rajeb Kec Cibinong 16914', -6.447269917, 106.818977356, 42, '555/003.2.I/00789/BPT/2013', 'REKOM', '', NULL),
(137, '123186109', 'DESACIBINONGMW', '32.01.01.1006', '32.01.01', 'Tower Bersama Group', 'JL. VISAR II RT 002 RW 010 KELURAHAN CIBINONG KECAMATAN CIBINONG KABUPATEN BOGOR - JAWA BARAT', -6.493750095, 106.857116699, 42, '555/003.2.1/00447/DPMPTSP/2017', 'REKOM', '', NULL),
(138, '124973103', 'CIBINONG - RELOC', '32.01.01.1011', '32.01.01', 'Tower Bersama Group', 'Jl. Raya Mayor Oking no. 84, Kel. Cirimekar, Kec. Cibinong, Kab. Bogor', -6.470520020, 106.861267090, 25, '555/003.2.1/00555/DPMPTSP/2020', '555/42/Rek-42/PSLP/VI/2020', '2020', NULL),
(139, '125968123', 'Cibinong Nanggewer', '32.01.01.1004', '32.01.01', 'Tower Bersama Group', 'Jl. Pramuka Babakan Tarikolot RT. 001 RW.008, Desa Nanggewer, Kec. Cibinong, Kabupaten Bogor', -6.519569874, 106.824981689, 32, '555/03.2.1/00542/DPMTSP/2021', '555/53/Rek-53/PSLP/VII/2020', '', NULL),
(140, '1261211023', 'PASIR JAMBU SUKARAJA', '32.01.01.1002', '32.01.01', 'Tower Bersama Group', 'Kp.Kaumpandak RT 003/009 Kel.Karadenan Kec,Cibinong Kab Bogor', -6.527699947, 106.811630249, 42, '555/003.2.1/00318/DPMTSP/2021', '555/83/Rek-83/PSLP/IX/2020', '', NULL),
(141, '1260901003', 'CILLIWUNG PONDOK RAJEG', '32.01.01.1001', '32.01.01', 'Tower Bersama Group', 'Jl. Penjara Pondok Rajeg, Kel. Pondok Rajeg RT.001 RW.005, Kec. Cibinong, Kab. Bogor Prov. Jawa Barat', -6.462890148, 106.819450378, 42, '555/003.2.1/00978/DPMPTSP/2020', 'REKOM', '', NULL),
(142, '1265842003', 'IBS TOKO JAYA MAKMUR ABADI', '32.01.01.1011', '32.01.01', 'Tower Bersama Group', 'Jl. Mayor Oking No.9 RT.001/001, Kel. Cirimekar, Kec. Cibinong, Kab. Bogor, Jawa Barat', -6.477000237, 106.863403320, 9, '555/003.2.1/00334/DPMPTSP/2019', '555/1323/Rek-193/IX-PSLP', '2018', NULL),
(143, '1267702007', 'IBS KARADENAN CIBINONG', '32.01.01.1002', '32.01.01', 'Tower Bersama Group', 'Jl. H. Aspriya, RT.01/RW.010, Kel. Karadenan, Kec. Cibinong, Kab. Bogor, Jawa Barat', -6.516200066, 106.808952332, 42, '555/003.2.1/00696/DPMPTSP/2019', '555/519/Rek-63/IV-PSLP', '2019', NULL);

-- --------------------------------------------------------

--
-- Table structure for table `menarabaru`
--

CREATE TABLE `menarabaru` (
  `id_menarabaru` int(11) NOT NULL,
  `email` varchar(64) NOT NULL,
  `advice` varchar(128) NOT NULL,
  `akta` varchar(128) DEFAULT NULL,
  `ktp` varchar(128) DEFAULT NULL,
  `ktpwarga` varchar(128) DEFAULT NULL,
  `rekomendasi` varchar(128) DEFAULT NULL,
  `pks` varchar(128) DEFAULT NULL,
  `pernyataan` varchar(128) DEFAULT NULL,
  `ats` varchar(128) DEFAULT NULL,
  `keselamatan` varchar(128) DEFAULT NULL,
  `kuasa` varchar(128) DEFAULT NULL,
  `status` enum('Proses','Disetujui','Tidak Disetujui') NOT NULL
) ENGINE=InnoDB DEFAULT CHARSET=utf8mb4 COLLATE=utf8mb4_general_ci;

--
-- Dumping data for table `menarabaru`
--

INSERT INTO `menarabaru` (`id_menarabaru`, `email`, `advice`, `akta`, `ktp`, `ktpwarga`, `rekomendasi`, `pks`, `pernyataan`, `ats`, `keselamatan`, `kuasa`, `status`) VALUES
(16, 'sandanarotama362@gmail.com', 'e9f944c8b35294cee35813c534e26d77.pdf', '', '', '', '', '', '', '', '', '', 'Tidak Disetujui'),
(17, 'sandanarotama362@gmail.com', 'bf4b90c16ad3a60bf249dde7bd6acd2a.pdf', '', '', '', '', '', '', '', '', '', 'Disetujui');

-- --------------------------------------------------------

--
-- Table structure for table `menaraeksisting`
--

CREATE TABLE `menaraeksisting` (
  `id_menaraeksisting` int(11) NOT NULL,
  `email` varchar(128) NOT NULL,
  `advice` varchar(128) NOT NULL,
  `imb` varchar(128) NOT NULL,
  `ktp` varchar(128) NOT NULL,
  `pks` varchar(128) NOT NULL,
  `pernyataan` varchar(128) NOT NULL,
  `keselamatan` varchar(128) NOT NULL,
  `kuasa` varchar(128) NOT NULL,
  `status` enum('Proses','Disetujui','Tidak Disetujui') NOT NULL
) ENGINE=InnoDB DEFAULT CHARSET=utf8mb4 COLLATE=utf8mb4_general_ci;

-- --------------------------------------------------------

--
-- Table structure for table `user`
--

CREATE TABLE `user` (
  `id_user` int(4) NOT NULL,
  `nama` varchar(128) NOT NULL,
  `email` varchar(128) NOT NULL,
  `password` varchar(256) NOT NULL,
  `no_hp` varchar(20) NOT NULL,
  `alamat` varchar(128) NOT NULL,
  `image` varchar(128) NOT NULL,
  `role_id` int(2) NOT NULL,
  `is_active` int(1) NOT NULL,
  `date_created` int(11) NOT NULL
) ENGINE=InnoDB DEFAULT CHARSET=utf8mb4 COLLATE=utf8mb4_general_ci;

--
-- Dumping data for table `user`
--

INSERT INTO `user` (`id_user`, `nama`, `email`, `password`, `no_hp`, `alamat`, `image`, `role_id`, `is_active`, `date_created`) VALUES
(1, 'admin', 'admin@gmail.com', '$2y$10$9IM8kkZPQIguZbWEuAyzUOx0Rxqey5B.9iAyMRLNhmnArMB4D6x/S', '', '', 'pro1696993846.png', 1, 1, 0),
(11, 'alfin', 'alfin@gmail.com', '$2y$10$PS2vkQrx3OtfAxjyg3n42uouY38/1ii/lJnHouOzSKzpvj6GSersS', '', '', 'default.jpg', 2, 1, 1697076567),
(13, 'budi', 'budi@gmail.com', '$2y$10$rXxBnBFZ9v23c7a735tFH.iOkzzEBjPg387OauElM3TuKljabwEhS', '', '', 'default.jpg', 2, 1, 1699513001),
(26, 'Muhamad Sanda Narotama', 'sandanarotama362@gmail.com', '$2y$10$FxBz3T1g9nh1XUtqlQJvdeVVE6Vt1sI9GNceXy.aN7U4MdeelGnXa', '', '', 'default.jpg', 2, 1, 1702613353);

-- --------------------------------------------------------

--
-- Table structure for table `user_token`
--

CREATE TABLE `user_token` (
  `id_token` int(11) NOT NULL,
  `email` varchar(64) NOT NULL,
  `token` varchar(128) NOT NULL,
  `date_created` int(11) NOT NULL
) ENGINE=InnoDB DEFAULT CHARSET=utf8mb4 COLLATE=utf8mb4_general_ci;

-- --------------------------------------------------------

--
-- Table structure for table `wifi`
--

CREATE TABLE `wifi` (
  `id_wifi` int(11) NOT NULL,
  `id_site` varchar(64) NOT NULL,
  `name_site` varchar(64) NOT NULL,
  `alamat` varchar(128) NOT NULL,
  `id_desa` varchar(15) NOT NULL,
  `id_kecamatan` varchar(15) NOT NULL,
  `latitude` float(12,9) NOT NULL,
  `longitude` float(12,9) NOT NULL,
  `tahun` varchar(64) NOT NULL,
  `bandwitch` varchar(64) NOT NULL,
  `image` varchar(64) NOT NULL
) ENGINE=InnoDB DEFAULT CHARSET=utf8mb4 COLLATE=utf8mb4_general_ci;

--
-- Dumping data for table `wifi`
--

INSERT INTO `wifi` (`id_wifi`, `id_site`, `name_site`, `alamat`, `id_desa`, `id_kecamatan`, `latitude`, `longitude`, `tahun`, `bandwitch`, `image`) VALUES
(1, '', 'Laga Satria', 'GR3J+8F7, Pakansari, Kec. Cibinong, Kabupaten Bogor, Jawa Barat 16915', '32.01.01.1007', '32.01.01', -6.496499538, 106.831123352, '', '', ''),
(2, '', 'Laga Tangkas', 'GR3J+8F7, Pakansari, Kec. Cibinong, Kabupaten Bogor, Jawa Barat 16915', '32.01.01.1007 ', '32.01.01', -6.497234344, 106.831527710, '2023', '', ''),
(3, '', 'Sekretariat Koni', 'Pakansari, Cibinong, Pakansari, Kec. Cibinong, Kabupaten Bogor, Jawa Barat 16915', '32.01.01.1007 ', '32.01.01', -6.495500565, 106.830291748, '2023', '', ''),
(4, '', 'Situ Plaza Cibinong', 'Cibinong situ plaza, JL Raya Tegar Beriman, Pakan Sari, 16915, Tengah, Kec. Cibinong, Kabupaten Bogor, Jawa Barat 16914', '32.01.01.1008', '32.01.01', -6.480383396, 106.826950073, '2023', '50mbps', ''),
(5, '', 'Taman Cibinong Situ Plaza', 'Jl. Tegar Beriman No.6, Sukahati, Kec. Cibinong, Kabupaten Bogor, Jawa Barat 16914', '32.01.01.1009', '32.01.01', -6.480672836, 106.825439453, '2023', '', ''),
(6, '', 'Sekretariat MUI', 'GR9C+VVQ, Tengah, Kec. Cibinong, Kabupaten Bogor, Jawa Barat 16914', '32.01.01.1008', '32.01.01', -6.480094433, 106.822189331, '2023', '', ''),
(7, '', 'Masjid Baitul Faidzin', 'Jl. Tegar Beriman No.2, Tengah, Kec. Cibinong, Kabupaten Bogor, Jawa Barat 16914', '32.01.01.1008', '32.01.01', -6.480179787, 106.823310852, '2023', '', ''),
(8, '', 'Pos Lapangan Tegar Beriman', 'GR9G+M59, Tengah, Kec. Cibinong, Kabupaten Bogor, Jawa Barat 16914', '32.01.01.1008', '32.01.01', -6.480634212, 106.825553894, '2023', '', ''),
(9, '', 'Ruang Layanan Swabber Dinas Kesehatan', 'GR8J+WX7, Jl. Tegar Beriman, Tengah, Kec. Cibinong, Kabupaten Bogor, Jawa Barat 16914', '32.01.01.1008', '32.01.01', -6.482592106, 106.832427979, '2023', '', ''),
(10, '', 'Kantor UPT wasbang Cibinong', 'Jl. Kayu Manis No.30, Cirimekar, Kec. Cibinong, Kabupaten Bogor, Jawa Barat 16917', '32.01.01.1011', '32.01.01', -6.472650528, 106.853462219, '2023', '', ''),
(11, '', 'Sekretariat KORPRI', 'GRCF+VJR, Jl. Nyaman, Tengah, Kec. Cibinong, Kabupaten Bogor, Jawa Barat 16914', '32.01.01.1008', '32.01.01', -6.477537155, 106.824012756, '2023', '', ''),
(12, '', 'Taman Perubahan Bojong Gede', 'GR92+553, Bojonggede, Kecamatan Bojonggede, Kabupaten Bogor, Jawa Barat 16922', '32.01.13.2009', '32.01.13', -6.481932640, 106.800415039, '2023', '50mbps', ''),
(13, '', 'Alun-alun Cijeruk', '8Q2W+RJ3, Wr. Menteng, Kec. Cijeruk, Kabupaten Bogor, Jawa Barat 16740', '32.01.28.2003', '32.01.28', -6.697774410, 106.796501160, '2023', '50mbps', ''),
(14, '', 'Taman Cirimekar', 'Jl. Kayu Manis No.10, Cirimekar, Kec. Cibinong, Kabupaten Bogor, Jawa Barat 16917', '32.01.01.1011', '32.01.01', -6.472101212, 106.853881836, '2023', '', ''),
(15, '', 'Alun-alun Leuwiliang ', 'CJFP+3CQ, Jl. Mohnoh Nur, Leuwiliang, Kec. Leuwiliang, Kabupaten Bogor, Jawa Barat 16640', '32.01.14.2001', '32.01.14', -6.577139378, 106.636108398, '2023', '50mbps', ''),
(16, '', 'Aula Jasinga ', 'GF89+HRX, Jalan Raya, Pamagersari, Jasinga, Bogor Regency, West Java 16670', '32.01.13.2009', '32.01.19', -6.483268261, 106.469642639, '2023', '50mbps', ''),
(17, '', 'aula Nanggung', 'Jl. Raya Ace Tabrani No.32, Parakan Muncang, Kec. Nanggung, Kabupaten Bogor, Jawa Barat 16650', '32.01.21.2008', '32.01.21', -6.597356796, 106.539360046, '2023', '', ''),
(18, '', 'Lobby Caringin', '4V98+55C, Caringin Kulon, Caringin, Caringin Kulon, Bogor, Kabupaten Sukabumi, Jawa Barat 43154', '32.01.27.2004', '32.01.27', -6.729660034, 106.820587158, '2023', '', ''),
(19, '', 'Lobby Ciampea', 'Jl. Wr. Borong No.22, Bojong Rangkas, Kec. Ciampea, Kabupaten Bogor, Jawa Barat 16620', '32.01.15.2009', '32.01.15', -6.554511547, 106.697135925, '2023', '', ''),
(20, '', 'Lobby Cibungbulang', 'CMG8+5QQ, Cimanggu 2, Kec. Cibungbulang, Kabupaten Bogor, Jawa Barat 16630', '32.01.16.2008', '32.01.16', -6.574210167, 106.666961670, '2023', '50mbps', ''),
(21, '', 'Lobby Cigudeg', 'FG2M+W2G, Jalan Raya, Cigudeg, Bogor Regency, West Java 16660', '32.01.22.2002', '32.01.22', -6.547487736, 106.532592773, '2023', '50mbps', ''),
(22, '', 'Lobby Leuwisadeng', 'CJM7+WQX, Leuwisadeng, Kec. Leuwisadeng, Kabupaten Bogor, Jawa Barat 16640', '32.01.39.2001', '32.01.39', -6.564874649, 106.614540100, '2023', '', ''),
(23, '', 'Lobby pamijahan', 'Pasar Jumat, Jl. Raya Gn. Salak Endah, Gn. Sari, Kec. Pamijahan, Kabupaten Bogor, Jawa Barat 16810', '32.01.17.2014', '32.01.17', -6.671414375, 106.663734436, '2023', '', ''),
(24, '', 'Lobby Sukajaya', 'CF4H+963, Unnamed Road, Pasir Madang, Kec. Sukajaya, Kabupaten Bogor, Jawa Barat 16660', '32.01.35.2009', '32.01.35', -6.592460155, 106.477890015, '2023', '50mbps', ''),
(25, '', 'Lobby tenjo', 'MC6R+99C, Jl. Raya Jasinga Tenjo No.KM. 18.55, Singabraja, Kec. Tenjo, Kabupaten Bogor, Jawa Barat 16370', '32.01.23.2007', '32.01.23', -6.339045048, 106.440742493, '2023', '50mbps', ''),
(26, '', 'Lobby Parung panjang', 'Jl. Mohamad Toha No.152, Parung Panjang, Kec. Parung Panjang, Kabupaten Bogor, Jawa Barat 16360', '32.01.20.2006', '32.01.20', -6.341496468, 106.571578979, '2023', '', ''),
(27, '', 'Lobby Garnisun', 'GR5M+4GM, Pakansari, Kec. Cibinong, Kabupaten Bogor, Jawa Barat', '32.01.01.1007', '32.01.01', -6.492136478, 106.833786011, '2023', '', '');

--
-- Indexes for dumped tables
--

--
-- Indexes for table `desa`
--
ALTER TABLE `desa`
  ADD PRIMARY KEY (`id_desa`),
  ADD KEY `id_kecamatan` (`id_kecamatan`);

--
-- Indexes for table `kecamatan`
--
ALTER TABLE `kecamatan`
  ADD PRIMARY KEY (`id_kecamatan`);

--
-- Indexes for table `menara`
--
ALTER TABLE `menara`
  ADD PRIMARY KEY (`id_menara`);

--
-- Indexes for table `menarabaru`
--
ALTER TABLE `menarabaru`
  ADD PRIMARY KEY (`id_menarabaru`);

--
-- Indexes for table `menaraeksisting`
--
ALTER TABLE `menaraeksisting`
  ADD PRIMARY KEY (`id_menaraeksisting`);

--
-- Indexes for table `user`
--
ALTER TABLE `user`
  ADD PRIMARY KEY (`id_user`);

--
-- Indexes for table `user_token`
--
ALTER TABLE `user_token`
  ADD PRIMARY KEY (`id_token`);

--
-- Indexes for table `wifi`
--
ALTER TABLE `wifi`
  ADD PRIMARY KEY (`id_wifi`);

--
-- AUTO_INCREMENT for dumped tables
--

--
-- AUTO_INCREMENT for table `menara`
--
ALTER TABLE `menara`
  MODIFY `id_menara` int(6) NOT NULL AUTO_INCREMENT, AUTO_INCREMENT=145;

--
-- AUTO_INCREMENT for table `menarabaru`
--
ALTER TABLE `menarabaru`
  MODIFY `id_menarabaru` int(11) NOT NULL AUTO_INCREMENT, AUTO_INCREMENT=18;

--
-- AUTO_INCREMENT for table `menaraeksisting`
--
ALTER TABLE `menaraeksisting`
  MODIFY `id_menaraeksisting` int(11) NOT NULL AUTO_INCREMENT, AUTO_INCREMENT=5;

--
-- AUTO_INCREMENT for table `user`
--
ALTER TABLE `user`
  MODIFY `id_user` int(4) NOT NULL AUTO_INCREMENT, AUTO_INCREMENT=27;

--
-- AUTO_INCREMENT for table `user_token`
--
ALTER TABLE `user_token`
  MODIFY `id_token` int(11) NOT NULL AUTO_INCREMENT, AUTO_INCREMENT=28;

--
-- AUTO_INCREMENT for table `wifi`
--
ALTER TABLE `wifi`
  MODIFY `id_wifi` int(11) NOT NULL AUTO_INCREMENT, AUTO_INCREMENT=28;

--
-- Constraints for dumped tables
--

--
-- Constraints for table `desa`
--
ALTER TABLE `desa`
  ADD CONSTRAINT `desa_ibfk_1` FOREIGN KEY (`id_kecamatan`) REFERENCES `kecamatan` (`id_kecamatan`);
COMMIT;

/*!40101 SET CHARACTER_SET_CLIENT=@OLD_CHARACTER_SET_CLIENT */;
/*!40101 SET CHARACTER_SET_RESULTS=@OLD_CHARACTER_SET_RESULTS */;
/*!40101 SET COLLATION_CONNECTION=@OLD_COLLATION_CONNECTION */;
